i,j,val
1,1,1.0
1,1,1.0
1,1,1.0
1,1,1.0
1,1,1.0
1,1,1.0
1,1,1.0
1,1,1.0
1,1,1.0
1,1,1.0
1,1,1.0
1,1,1.0
1,1,1.0
1,1,1.0
1,1,1.0
1,1,1.0
1,1,1.0
1,1,1.0
1,1,1.0
1,1,1.0
1,2,1.0
1,2,1.0
1,2,1.0
1,2,1.0
1,2,1.0
1,2,1.0
1,2,1.0
1,2,1.0
1,2,1.0
1,2,1.0
1,2,1.0
1,2,1.0
1,2,1.0
1,2,1.0
1,2,1.0
1,2,1.0
1,2,1.0
1,2,1.0
1,2,0.9999
1,2,1.0
1,3,1.0
1,3,1.0
1,3,1.0
1,3,1.0
1,3,1.0
1,3,1.0
1,3,1.0
1,3,1.0
1,3,1.0
1,3,1.0
1,3,1.0
1,3,1.0
1,3,1.0
1,3,1.0
1,3,1.0
1,3,1.0
1,3,1.0
1,3,1.0
1,3,0.9988
1,3,1.0
1,4,1.0
1,4,1.0
1,4,1.0
1,4,1.0
1,4,1.0
1,4,1.0
1,4,1.0
1,4,1.0
1,4,1.0
1,4,1.0
1,4,1.0
1,4,1.0
1,4,1.0
1,4,1.0
1,4,1.0
1,4,1.0
1,4,1.0
1,4,1.0
1,4,1.0
1,4,1.0
1,5,0.9999
1,5,1.0
1,5,1.0
1,5,0.9887
1,5,1.0
1,5,1.0
1,5,1.0
1,5,1.0
1,5,1.0
1,5,1.0
1,5,1.0
1,5,1.0
1,5,1.0
1,5,1.0
1,5,1.0
1,5,1.0
1,5,1.0
1,5,1.0
1,5,0.9968
1,5,1.0
1,6,1.0
1,6,1.0
1,6,1.0
1,6,1.0
1,6,1.0
1,6,1.0
1,6,1.0
1,6,1.0
1,6,1.0
1,6,1.0
1,6,1.0
1,6,1.0
1,6,1.0
1,6,1.0
1,6,1.0
1,6,1.0
1,6,1.0
1,6,1.0
1,6,0.9999
1,6,1.0
1,7,1.0
1,7,1.0
1,7,1.0
1,7,1.0
1,7,1.0
1,7,1.0
1,7,1.0
1,7,1.0
1,7,1.0
1,7,1.0
1,7,1.0
1,7,1.0
1,7,1.0
1,7,1.0
1,7,1.0
1,7,1.0
1,7,1.0
1,7,1.0
1,7,0.9963
1,7,1.0
1,8,1.0
1,8,1.0
1,8,1.0
1,8,1.0
1,8,1.0
1,8,1.0
1,8,1.0
1,8,1.0
1,8,1.0
1,8,1.0
1,8,1.0
1,8,1.0
1,8,1.0
1,8,1.0
1,8,1.0
1,8,1.0
1,8,1.0
1,8,1.0
1,8,1.0
1,8,1.0
1,9,1.0
1,9,1.0
1,9,1.0
1,9,1.0
1,9,1.0
1,9,1.0
1,9,1.0
1,9,1.0
1,9,1.0
1,9,1.0
1,9,1.0
1,9,1.0
1,9,1.0
1,9,1.0
1,9,1.0
1,9,1.0
1,9,1.0
1,9,1.0
1,9,1.0
1,9,1.0
1,10,1.0
1,10,1.0
1,10,1.0
1,10,1.0
1,10,1.0
1,10,1.0
1,10,1.0
1,10,1.0
1,10,1.0
1,10,1.0
1,10,1.0
1,10,1.0
1,10,1.0
1,10,1.0
1,10,1.0
1,10,1.0
1,10,1.0
1,10,1.0
1,10,1.0
1,10,1.0
1,11,1.0
1,11,1.0
1,11,1.0
1,11,1.0
1,11,1.0
1,11,1.0
1,11,1.0
1,11,1.0
1,11,1.0
1,11,1.0
1,11,1.0
1,11,1.0
1,11,1.0
1,11,1.0
1,11,1.0
1,11,1.0
1,11,1.0
1,11,1.0
1,11,1.0
1,11,1.0
1,12,1.0
1,12,1.0
1,12,1.0
1,12,1.0
1,12,1.0
1,12,1.0
1,12,1.0
1,12,1.0
1,12,1.0
1,12,1.0
1,12,1.0
1,12,1.0
1,12,1.0
1,12,1.0
1,12,1.0
1,12,1.0
1,12,1.0
1,12,1.0
1,12,1.0
1,12,1.0
1,13,1.0
1,13,1.0
1,13,1.0
1,13,1.0
1,13,1.0
1,13,1.0
1,13,1.0
1,13,1.0
1,13,1.0
1,13,1.0
1,13,1.0
1,13,1.0
1,13,1.0
1,13,1.0
1,13,1.0
1,13,1.0
1,13,1.0
1,13,1.0
1,13,1.0
1,13,1.0
1,14,1.0
1,14,1.0
1,14,1.0
1,14,1.0
1,14,1.0
1,14,1.0
1,14,1.0
1,14,1.0
1,14,1.0
1,14,1.0
1,14,1.0
1,14,1.0
1,14,1.0
1,14,1.0
1,14,1.0
1,14,1.0
1,14,1.0
1,14,1.0
1,14,1.0
1,14,1.0
1,15,1.0
1,15,1.0
1,15,1.0
1,15,1.0
1,15,1.0
1,15,1.0
1,15,1.0
1,15,1.0
1,15,1.0
1,15,1.0
1,15,1.0
1,15,1.0
1,15,1.0
1,15,1.0
1,15,1.0
1,15,1.0
1,15,1.0
1,15,1.0
1,15,1.0
1,15,1.0
1,16,1.0
1,16,1.0
1,16,1.0
1,16,1.0
1,16,1.0
1,16,1.0
1,16,1.0
1,16,1.0
1,16,1.0
1,16,1.0
1,16,1.0
1,16,1.0
1,16,1.0
1,16,1.0
1,16,1.0
1,16,1.0
1,16,1.0
1,16,1.0
1,16,1.0
1,16,1.0
1,17,1.0
1,17,1.0
1,17,1.0
1,17,1.0
1,17,1.0
1,17,1.0
1,17,1.0
1,17,1.0
1,17,1.0
1,17,1.0
1,17,1.0
1,17,1.0
1,17,1.0
1,17,1.0
1,17,1.0
1,17,1.0
1,17,1.0
1,17,1.0
1,17,1.0
1,17,1.0
1,18,1.0
1,18,1.0
1,18,1.0
1,18,1.0
1,18,1.0
1,18,1.0
1,18,1.0
1,18,1.0
1,18,1.0
1,18,1.0
1,18,1.0
1,18,1.0
1,18,1.0
1,18,1.0
1,18,1.0
1,18,1.0
1,18,1.0
1,18,1.0
1,18,1.0
1,18,1.0
2,1,1.0
2,1,1.0
2,1,1.0
2,1,1.0
2,1,1.0
2,1,0.0
2,1,0.0
2,1,0.0
2,1,0.0
2,1,0.0
2,1,0.0
2,1,0.0
2,1,1.0
2,1,1.0
2,1,0.0
2,1,0.0
2,1,0.0
2,1,0.0
2,1,0.0007
2,1,0.0
2,2,1.0
2,2,1.0
2,2,1.0
2,2,1.0
2,2,1.0
2,2,1.0
2,2,1.0
2,2,1.0
2,2,1.0
2,2,1.0
2,2,1.0
2,2,1.0
2,2,1.0
2,2,1.0
2,2,1.0
2,2,1.0
2,2,1.0
2,2,1.0
2,2,1.0
2,2,1.0
2,3,1.0
2,3,1.0
2,3,1.0
2,3,1.0
2,3,1.0
2,3,0.8736
2,3,1.0
2,3,0.5
2,3,0.9867
2,3,0.9976
2,3,0.0
2,3,0.0
2,3,1.0
2,3,1.0
2,3,0.0
2,3,0.7878
2,3,0.0013
2,3,0.1553
2,3,0.3318
2,3,0.0262
2,4,1.0
2,4,1.0
2,4,1.0
2,4,1.0
2,4,1.0
2,4,0.9191
2,4,1.0
2,4,0.9887
2,4,0.7952
2,4,0.9876
2,4,0.0876
2,4,0.0
2,4,1.0
2,4,1.0
2,4,0.0084
2,4,1.0
2,4,1.0
2,4,1.0
2,4,0.9808
2,4,0.3038
2,5,1.0
2,5,1.0
2,5,1.0
2,5,1.0
2,5,1.0
2,5,0.9989
2,5,1.0
2,5,0.1332
2,5,0.9957
2,5,0.9981
2,5,0.0009
2,5,0.0
2,5,1.0
2,5,1.0
2,5,0.3899
2,5,0.0318
2,5,0.0
2,5,0.0004
2,5,0.1431
2,5,0.0059
2,6,1.0
2,6,1.0
2,6,1.0
2,6,1.0
2,6,1.0
2,6,1.0
2,6,1.0
2,6,1.0
2,6,1.0
2,6,1.0
2,6,0.9942
2,6,1.0
2,6,1.0
2,6,1.0
2,6,0.9997
2,6,0.3318
2,6,0.0061
2,6,0.068
2,6,0.5841
2,6,0.4253
2,7,1.0
2,7,1.0
2,7,1.0
2,7,1.0
2,7,1.0
2,7,1.0
2,7,1.0
2,7,1.0
2,7,1.0
2,7,1.0
2,7,0.9381
2,7,1.0
2,7,1.0
2,7,1.0
2,7,0.996
2,7,0.2617
2,7,0.0
2,7,0.0073
2,7,0.2024
2,7,0.0946
2,8,1.0
2,8,1.0
2,8,1.0
2,8,1.0
2,8,1.0
2,8,1.0
2,8,1.0
2,8,1.0
2,8,1.0
2,8,1.0
2,8,0.9997
2,8,1.0
2,8,1.0
2,8,1.0
2,8,0.962
2,8,1.0
2,8,1.0
2,8,0.9995
2,8,0.9992
2,8,0.4373
2,9,1.0
2,9,1.0
2,9,1.0
2,9,1.0
2,9,1.0
2,9,1.0
2,9,1.0
2,9,1.0
2,9,1.0
2,9,1.0
2,9,0.9973
2,9,1.0
2,9,1.0
2,9,1.0
2,9,1.0
2,9,0.4159
2,9,1.0
2,9,0.2434
2,9,0.9947
2,9,0.9999
2,10,1.0
2,10,1.0
2,10,1.0
2,10,1.0
2,10,1.0
2,10,1.0
2,10,1.0
2,10,1.0
2,10,1.0
2,10,1.0
2,10,1.0
2,10,1.0
2,10,1.0
2,10,1.0
2,10,1.0
2,10,0.9917
2,10,1.0
2,10,0.9338
2,10,1.0
2,10,1.0
2,11,1.0
2,11,1.0
2,11,1.0
2,11,1.0
2,11,1.0
2,11,1.0
2,11,1.0
2,11,1.0
2,11,1.0
2,11,1.0
2,11,0.9115
2,11,1.0
2,11,1.0
2,11,1.0
2,11,1.0
2,11,0.9622
2,11,0.9427
2,11,0.2291
2,11,0.8463
2,11,0.7483
2,12,1.0
2,12,1.0
2,12,1.0
2,12,1.0
2,12,1.0
2,12,1.0
2,12,1.0
2,12,1.0
2,12,1.0
2,12,1.0
2,12,1.0
2,12,1.0
2,12,1.0
2,12,1.0
2,12,1.0
2,12,0.9674
2,12,1.0
2,12,0.5
2,12,0.9927
2,12,0.9953
2,13,1.0
2,13,1.0
2,13,1.0
2,13,1.0
2,13,1.0
2,13,1.0
2,13,1.0
2,13,0.9981
2,13,1.0
2,13,0.9997
2,13,0.9989
2,13,1.0
2,13,1.0
2,13,1.0
2,13,0.98
2,13,1.0
2,13,1.0
2,13,1.0
2,13,1.0
2,13,1.0
2,14,1.0
2,14,1.0
2,14,1.0
2,14,1.0
2,14,1.0
2,14,0.9948
2,14,1.0
2,14,1.0
2,14,1.0
2,14,1.0
2,14,0.9924
2,14,0.0313
2,14,1.0
2,14,1.0
2,14,0.383
2,14,0.6494
2,14,0.5179
2,14,0.0178
2,14,0.5927
2,14,0.9964
2,15,1.0
2,15,1.0
2,15,1.0
2,15,1.0
2,15,1.0
2,15,1.0
2,15,1.0
2,15,0.9994
2,15,1.0
2,15,1.0
2,15,1.0
2,15,1.0
2,15,1.0
2,15,1.0
2,15,0.9733
2,15,0.9795
2,15,1.0
2,15,0.2434
2,15,0.9985
2,15,0.9974
2,16,1.0
2,16,1.0
2,16,1.0
2,16,1.0
2,16,1.0
2,16,1.0
2,16,1.0
2,16,0.9908
2,16,0.9976
2,16,0.9952
2,16,0.9957
2,16,1.0
2,16,1.0
2,16,1.0
2,16,0.9818
2,16,1.0
2,16,1.0
2,16,1.0
2,16,1.0
2,16,1.0
2,17,1.0
2,17,1.0
2,17,1.0
2,17,1.0
2,17,1.0
2,17,1.0
2,17,1.0
2,17,1.0
2,17,1.0
2,17,1.0
2,17,0.9998
2,17,1.0
2,17,1.0
2,17,1.0
2,17,1.0
2,17,0.8192
2,17,1.0
2,17,0.5
2,17,1.0
2,17,0.9977
2,18,1.0
2,18,1.0
2,18,1.0
2,18,1.0
2,18,1.0
2,18,1.0
2,18,1.0
2,18,1.0
2,18,1.0
2,18,1.0
2,18,1.0
2,18,1.0
2,18,1.0
2,18,1.0
2,18,1.0
2,18,1.0
2,18,1.0
2,18,1.0
2,18,1.0
2,18,1.0
3,1,1.0
3,1,1.0
3,1,1.0
3,1,1.0
3,1,1.0
3,1,0.0
3,1,0.0
3,1,0.0
3,1,0.0
3,1,0.0
3,1,0.0
3,1,0.0
3,1,0.0
3,1,0.0
3,1,0.0
3,1,0.0
3,1,0.0
3,1,0.0
3,1,0.0064
3,1,0.0001
3,2,1.0
3,2,1.0
3,2,1.0
3,2,1.0
3,2,1.0
3,2,0.1871
3,2,0.0
3,2,0.5901
3,2,0.0237
3,2,0.0048
3,2,1.0
3,2,1.0
3,2,1.0
3,2,1.0
3,2,1.0
3,2,0.345
3,2,0.9991
3,2,0.9123
3,2,0.8083
3,2,0.9915
3,3,1.0
3,3,1.0
3,3,1.0
3,3,1.0
3,3,1.0
3,3,1.0
3,3,1.0
3,3,1.0
3,3,1.0
3,3,1.0
3,3,1.0
3,3,1.0
3,3,1.0
3,3,1.0
3,3,1.0
3,3,1.0
3,3,1.0
3,3,1.0
3,3,1.0
3,3,1.0
3,4,1.0
3,4,1.0
3,4,1.0
3,4,1.0
3,4,1.0
3,4,0.6362
3,4,0.5114
3,4,0.9846
3,4,0.1093
3,4,0.2199
3,4,1.0
3,4,1.0
3,4,1.0
3,4,0.8825
3,4,0.9999
3,4,0.9999
3,4,1.0
3,4,1.0
3,4,0.998
3,4,0.9075
3,5,1.0
3,5,1.0
3,5,1.0
3,5,1.0
3,5,1.0
3,5,0.9789
3,5,0.729
3,5,0.1477
3,5,0.595
3,5,0.4076
3,5,0.9999
3,5,1.0
3,5,1.0
3,5,0.9822
3,5,1.0
3,5,0.0113
3,5,0.0
3,5,0.0245
3,5,0.3318
3,5,0.4073
3,6,1.0
3,6,1.0
3,6,1.0
3,6,1.0
3,6,1.0
3,6,1.0
3,6,1.0
3,6,1.0
3,6,1.0
3,6,1.0
3,6,1.0
3,6,1.0
3,6,1.0
3,6,1.0
3,6,1.0
3,6,0.1635
3,6,0.7332
3,6,0.4194
3,6,0.7976
3,6,0.9564
3,7,1.0
3,7,1.0
3,7,1.0
3,7,1.0
3,7,1.0
3,7,1.0
3,7,1.0
3,7,1.0
3,7,1.0
3,7,1.0
3,7,1.0
3,7,1.0
3,7,1.0
3,7,1.0
3,7,1.0
3,7,0.0835
3,7,0.009
3,7,0.1431
3,7,0.4119
3,7,0.8083
3,8,1.0
3,8,1.0
3,8,1.0
3,8,1.0
3,8,1.0
3,8,1.0
3,8,1.0
3,8,1.0
3,8,1.0
3,8,1.0
3,8,1.0
3,8,1.0
3,8,1.0
3,8,1.0
3,8,1.0
3,8,1.0
3,8,1.0
3,8,0.9999
3,8,0.9997
3,8,0.9393
3,9,1.0
3,9,1.0
3,9,1.0
3,9,1.0
3,9,1.0
3,9,1.0
3,9,1.0
3,9,1.0
3,9,1.0
3,9,1.0
3,9,1.0
3,9,1.0
3,9,1.0
3,9,1.0
3,9,1.0
3,9,0.2122
3,9,1.0
3,9,0.7383
3,9,0.9997
3,9,1.0
3,10,1.0
3,10,1.0
3,10,1.0
3,10,1.0
3,10,1.0
3,10,1.0
3,10,1.0
3,10,1.0
3,10,0.9983
3,10,0.9998
3,10,1.0
3,10,1.0
3,10,1.0
3,10,1.0
3,10,1.0
3,10,0.9674
3,10,1.0
3,10,0.9962
3,10,1.0
3,10,1.0
3,11,1.0
3,11,1.0
3,11,1.0
3,11,1.0
3,11,1.0
3,11,1.0
3,11,1.0
3,11,1.0
3,11,1.0
3,11,0.9989
3,11,1.0
3,11,1.0
3,11,1.0
3,11,1.0
3,11,1.0
3,11,0.8675
3,11,1.0
3,11,0.7214
3,11,0.939
3,11,0.9978
3,12,1.0
3,12,1.0
3,12,1.0
3,12,1.0
3,12,1.0
3,12,1.0
3,12,1.0
3,12,1.0
3,12,1.0
3,12,1.0
3,12,1.0
3,12,1.0
3,12,1.0
3,12,1.0
3,12,1.0
3,12,0.9061
3,12,1.0
3,12,0.8923
3,12,0.9981
3,12,1.0
3,13,1.0
3,13,1.0
3,13,1.0
3,13,1.0
3,13,1.0
3,13,0.9995
3,13,1.0
3,13,0.9988
3,13,0.9887
3,13,0.7277
3,13,1.0
3,13,1.0
3,13,1.0
3,13,1.0
3,13,1.0
3,13,1.0
3,13,1.0
3,13,1.0
3,13,1.0
3,13,1.0
3,14,1.0
3,14,1.0
3,14,1.0
3,14,1.0
3,14,1.0
3,14,0.9349
3,14,1.0
3,14,1.0
3,14,1.0
3,14,1.0
3,14,1.0
3,14,1.0
3,14,1.0
3,14,0.9535
3,14,1.0
3,14,0.4278
3,14,0.999
3,14,0.2024
3,14,0.7976
3,14,1.0
3,15,1.0
3,15,1.0
3,15,1.0
3,15,1.0
3,15,1.0
3,15,1.0
3,15,1.0
3,15,0.9998
3,15,0.9995
3,15,0.8459
3,15,1.0
3,15,1.0
3,15,1.0
3,15,1.0
3,15,1.0
3,15,0.9179
3,15,1.0
3,15,0.7214
3,15,0.9998
3,15,1.0
3,16,1.0
3,16,1.0
3,16,1.0
3,16,1.0
3,16,1.0
3,16,0.9992
3,16,1.0
3,16,0.9846
3,16,0.792
3,16,0.4076
3,16,1.0
3,16,1.0
3,16,1.0
3,16,1.0
3,16,1.0
3,16,1.0
3,16,1.0
3,16,1.0
3,16,1.0
3,16,1.0
3,17,1.0
3,17,1.0
3,17,1.0
3,17,1.0
3,17,1.0
3,17,1.0
3,17,1.0
3,17,0.9999
3,17,0.9998
3,17,1.0
3,17,1.0
3,17,1.0
3,17,1.0
3,17,1.0
3,17,1.0
3,17,0.6399
3,17,1.0
3,17,0.9123
3,17,1.0
3,17,1.0
3,18,1.0
3,18,1.0
3,18,1.0
3,18,1.0
3,18,1.0
3,18,1.0
3,18,1.0
3,18,1.0
3,18,1.0
3,18,1.0
3,18,1.0
3,18,1.0
3,18,1.0
3,18,1.0
3,18,1.0
3,18,1.0
3,18,1.0
3,18,1.0
3,18,1.0
3,18,1.0
4,1,1.0
4,1,1.0
4,1,1.0
4,1,1.0
4,1,1.0
4,1,0.0
4,1,0.0
4,1,0.0
4,1,0.0
4,1,0.0
4,1,0.0
4,1,0.0
4,1,0.0
4,1,0.0
4,1,0.0
4,1,0.0
4,1,0.0
4,1,0.0
4,1,0.0
4,1,0.0
4,2,1.0
4,2,1.0
4,2,1.0
4,2,1.0
4,2,1.0
4,2,0.1264
4,2,0.0
4,2,0.0215
4,2,0.278
4,2,0.024
4,2,0.9456
4,2,1.0
4,2,1.0
4,2,1.0
4,2,0.9959
4,2,0.0002
4,2,0.0
4,2,0.0002
4,2,0.0403
4,2,0.8042
4,3,1.0
4,3,1.0
4,3,1.0
4,3,1.0
4,3,1.0
4,3,0.4538
4,3,0.5114
4,3,0.0268
4,3,0.9272
4,3,0.8399
4,3,0.0
4,3,0.0
4,3,0.0
4,3,0.1712
4,3,0.0004
4,3,0.0003
4,3,0.0
4,3,0.0
4,3,0.0057
4,3,0.1725
4,4,1.0
4,4,1.0
4,4,1.0
4,4,1.0
4,4,1.0
4,4,1.0
4,4,1.0
4,4,1.0
4,4,1.0
4,4,1.0
4,4,1.0
4,4,1.0
4,4,1.0
4,4,1.0
4,4,1.0
4,4,1.0
4,4,1.0
4,4,1.0
4,4,1.0
4,4,1.0
4,5,1.0
4,5,1.0
4,5,1.0
4,5,1.0
4,5,1.0
4,5,0.9662
4,5,0.7283
4,5,0.0012
4,5,0.9497
4,5,0.7865
4,5,0.0753
4,5,0.7651
4,5,0.3494
4,5,0.8432
4,5,0.9898
4,5,0.0
4,5,0.0
4,5,0.0
4,5,0.0005
4,5,0.0669
4,6,1.0
4,6,1.0
4,6,1.0
4,6,1.0
4,6,1.0
4,6,1.0
4,6,1.0
4,6,1.0
4,6,1.0
4,6,1.0
4,6,1.0
4,6,1.0
4,6,0.9987
4,6,1.0
4,6,1.0
4,6,0.0
4,6,0.0
4,6,0.0
4,6,0.0365
4,6,0.7017
4,7,1.0
4,7,1.0
4,7,1.0
4,7,1.0
4,7,1.0
4,7,1.0
4,7,1.0
4,7,1.0
4,7,1.0
4,7,1.0
4,7,0.9989
4,7,1.0
4,7,1.0
4,7,1.0
4,7,1.0
4,7,0.0
4,7,0.0
4,7,0.0
4,7,0.003
4,7,0.345
4,8,1.0
4,8,1.0
4,8,1.0
4,8,1.0
4,8,1.0
4,8,1.0
4,8,1.0
4,8,1.0
4,8,1.0
4,8,1.0
4,8,1.0
4,8,1.0
4,8,1.0
4,8,1.0
4,8,1.0
4,8,0.9836
4,8,0.9956
4,8,0.322
4,8,0.9283
4,8,0.7214
4,9,1.0
4,9,1.0
4,9,1.0
4,9,1.0
4,9,1.0
4,9,1.0
4,9,1.0
4,9,1.0
4,9,1.0
4,9,1.0
4,9,1.0
4,9,1.0
4,9,1.0
4,9,1.0
4,9,1.0
4,9,0.0001
4,9,0.0
4,9,0.0
4,9,0.617
4,9,0.9998
4,10,1.0
4,10,1.0
4,10,1.0
4,10,1.0
4,10,1.0
4,10,1.0
4,10,1.0
4,10,0.985
4,10,1.0
4,10,1.0
4,10,1.0
4,10,1.0
4,10,1.0
4,10,1.0
4,10,1.0
4,10,0.0668
4,10,0.8228
4,10,0.0099
4,10,0.954
4,10,1.0
4,11,1.0
4,11,1.0
4,11,1.0
4,11,1.0
4,11,1.0
4,11,1.0
4,11,1.0
4,11,1.0
4,11,1.0
4,11,1.0
4,11,0.9966
4,11,1.0
4,11,1.0
4,11,1.0
4,11,1.0
4,11,0.0093
4,11,0.0
4,11,0.0
4,11,0.1215
4,11,0.8785
4,12,1.0
4,12,1.0
4,12,1.0
4,12,1.0
4,12,1.0
4,12,1.0
4,12,1.0
4,12,1.0
4,12,1.0
4,12,1.0
4,12,1.0
4,12,1.0
4,12,1.0
4,12,1.0
4,12,1.0
4,12,0.029
4,12,0.0001
4,12,0.0006
4,12,0.5
4,12,0.9952
4,13,1.0
4,13,1.0
4,13,1.0
4,13,1.0
4,13,1.0
4,13,0.9993
4,13,1.0
4,13,0.8288
4,13,0.9996
4,13,0.9375
4,13,1.0
4,13,1.0
4,13,1.0
4,13,1.0
4,13,1.0
4,13,0.9999
4,13,1.0
4,13,0.9999
4,13,1.0
4,13,1.0
4,14,1.0
4,14,1.0
4,14,1.0
4,14,1.0
4,14,1.0
4,14,0.9091
4,14,1.0
4,14,1.0
4,14,1.0
4,14,1.0
4,14,0.9999
4,14,1.0
4,14,0.7617
4,14,0.7681
4,14,0.9898
4,14,0.0007
4,14,0.0
4,14,0.0
4,14,0.0235
4,14,0.9931
4,15,1.0
4,15,1.0
4,15,1.0
4,15,1.0
4,15,1.0
4,15,1.0
4,15,1.0
4,15,0.8825
4,15,1.0
4,15,0.9876
4,15,1.0
4,15,1.0
4,15,0.9763
4,15,1.0
4,15,1.0
4,15,0.0407
4,15,0.0005
4,15,0.0001
4,15,0.6641
4,15,0.9986
4,16,1.0
4,16,1.0
4,16,1.0
4,16,1.0
4,16,1.0
4,16,0.9991
4,16,1.0
4,16,0.5489
4,16,0.9878
4,16,0.7715
4,16,0.9999
4,16,1.0
4,16,1.0
4,16,1.0
4,16,1.0
4,16,1.0
4,16,1.0
4,16,1.0
4,16,1.0
4,16,1.0
4,17,1.0
4,17,1.0
4,17,1.0
4,17,1.0
4,17,1.0
4,17,1.0
4,17,1.0
4,17,0.9538
4,17,1.0
4,17,1.0
4,17,1.0
4,17,1.0
4,17,1.0
4,17,1.0
4,17,1.0
4,17,0.0027
4,17,0.0022
4,17,0.0002
4,17,0.9033
4,17,0.9988
4,18,1.0
4,18,1.0
4,18,1.0
4,18,1.0
4,18,1.0
4,18,1.0
4,18,1.0
4,18,1.0
4,18,1.0
4,18,1.0
4,18,1.0
4,18,1.0
4,18,1.0
4,18,1.0
4,18,1.0
4,18,0.7949
4,18,1.0
4,18,1.0
4,18,1.0
4,18,0.9999
5,1,0.0002
5,1,0.0
5,1,0.0
5,1,0.0215
5,1,0.0
5,1,0.0
5,1,0.0
5,1,0.0
5,1,0.0
5,1,0.0
5,1,0.0
5,1,0.0
5,1,0.0
5,1,0.0
5,1,0.0
5,1,0.0156
5,1,0.0
5,1,0.0039
5,1,0.0193
5,1,0.0002
5,2,1.0
5,2,1.0
5,2,1.0
5,2,1.0
5,2,1.0
5,2,0.0023
5,2,0.0
5,2,0.909
5,2,0.0092
5,2,0.0043
5,2,0.9996
5,2,1.0
5,2,1.0
5,2,1.0
5,2,0.7121
5,2,0.9904
5,2,1.0
5,2,0.9999
5,2,0.9331
5,2,0.9987
5,3,1.0
5,3,1.0
5,3,1.0
5,3,1.0
5,3,1.0
5,3,0.0356
5,3,0.2906
5,3,0.8997
5,3,0.5
5,3,0.68
5,3,0.0003
5,3,0.0
5,3,0.0
5,3,0.032
5,3,0.0
5,3,0.9967
5,3,1.0
5,3,0.9936
5,3,0.8083
5,3,0.7597
5,4,1.0
5,4,1.0
5,4,1.0
5,4,1.0
5,4,1.0
5,4,0.055
5,4,0.2912
5,4,0.9995
5,4,0.0799
5,4,0.2983
5,4,0.9515
5,4,0.253
5,4,0.7405
5,4,0.225
5,4,0.0198
5,4,1.0
5,4,1.0
5,4,1.0
5,4,0.9999
5,4,0.9738
5,5,1.0
5,5,1.0
5,5,1.0
5,5,1.0
5,5,1.0
5,5,1.0
5,5,1.0
5,5,1.0
5,5,1.0
5,5,1.0
5,5,1.0
5,5,1.0
5,5,1.0
5,5,1.0
5,5,1.0
5,5,1.0
5,5,1.0
5,5,1.0
5,5,1.0
5,5,1.0
5,6,1.0
5,6,1.0
5,6,1.0
5,6,1.0
5,6,1.0
5,6,0.9998
5,6,1.0
5,6,1.0
5,6,1.0
5,6,1.0
5,6,1.0
5,6,1.0
5,6,0.9999
5,6,1.0
5,6,1.0
5,6,0.9713
5,6,1.0
5,6,0.9755
5,6,0.9423
5,6,0.9941
5,7,1.0
5,7,1.0
5,7,1.0
5,7,1.0
5,7,1.0
5,7,1.0
5,7,1.0
5,7,1.0
5,7,1.0
5,7,1.0
5,7,1.0
5,7,1.0
5,7,1.0
5,7,1.0
5,7,0.9992
5,7,0.9539
5,7,0.9994
5,7,0.8666
5,7,0.6964
5,7,0.9283
5,8,1.0
5,8,1.0
5,8,1.0
5,8,1.0
5,8,1.0
5,8,1.0
5,8,1.0
5,8,1.0
5,8,1.0
5,8,1.0
5,8,1.0
5,8,1.0
5,8,1.0
5,8,1.0
5,8,0.9865
5,8,1.0
5,8,1.0
5,8,1.0
5,8,1.0
5,8,0.9786
5,9,1.0
5,9,1.0
5,9,1.0
5,9,1.0
5,9,1.0
5,9,1.0
5,9,1.0
5,9,1.0
5,9,1.0
5,9,1.0
5,9,1.0
5,9,1.0
5,9,1.0
5,9,1.0
5,9,1.0
5,9,0.9755
5,9,1.0
5,9,0.9988
5,9,0.9999
5,9,1.0
5,10,1.0
5,10,1.0
5,10,1.0
5,10,1.0
5,10,1.0
5,10,1.0
5,10,1.0
5,10,1.0
5,10,0.9995
5,10,1.0
5,10,1.0
5,10,1.0
5,10,1.0
5,10,1.0
5,10,1.0
5,10,1.0
5,10,1.0
5,10,1.0
5,10,1.0
5,10,1.0
5,11,1.0
5,11,1.0
5,11,1.0
5,11,1.0
5,11,1.0
5,11,1.0
5,11,1.0
5,11,1.0
5,11,1.0
5,11,0.9999
5,11,1.0
5,11,1.0
5,11,1.0
5,11,1.0
5,11,1.0
5,11,1.0
5,11,1.0
5,11,0.9988
5,11,0.9941
5,11,0.9988
5,12,1.0
5,12,1.0
5,12,1.0
5,12,1.0
5,12,1.0
5,12,1.0
5,12,1.0
5,12,1.0
5,12,1.0
5,12,1.0
5,12,1.0
5,12,1.0
5,12,1.0
5,12,1.0
5,12,1.0
5,12,0.9999
5,12,1.0
5,12,0.9995
5,12,0.9999
5,12,1.0
5,13,1.0
5,13,1.0
5,13,0.9999
5,13,0.9997
5,13,1.0
5,13,0.9402
5,13,1.0
5,13,1.0
5,13,0.9836
5,13,0.8358
5,13,1.0
5,13,1.0
5,13,1.0
5,13,0.9999
5,13,0.9923
5,13,1.0
5,13,1.0
5,13,1.0
5,13,1.0
5,13,1.0
5,14,1.0
5,14,1.0
5,14,1.0
5,14,1.0
5,14,1.0
5,14,0.3045
5,14,1.0
5,14,1.0
5,14,1.0
5,14,1.0
5,14,1.0
5,14,1.0
5,14,0.8892
5,14,0.4487
5,14,0.5573
5,14,0.9941
5,14,1.0
5,14,0.9102
5,14,0.9331
5,14,1.0
5,15,1.0
5,15,1.0
5,15,1.0
5,15,1.0
5,15,1.0
5,15,1.0
5,15,1.0
5,15,1.0
5,15,0.9996
5,15,0.9508
5,15,1.0
5,15,1.0
5,15,0.9969
5,15,1.0
5,15,0.9876
5,15,1.0
5,15,1.0
5,15,0.9947
5,15,1.0
5,15,1.0
5,16,1.0
5,16,1.0
5,16,1.0
5,16,1.0
5,16,1.0
5,16,0.8556
5,16,1.0
5,16,0.9999
5,16,0.7617
5,16,0.5489
5,16,1.0
5,16,1.0
5,16,1.0
5,16,1.0
5,16,0.9928
5,16,1.0
5,16,1.0
5,16,1.0
5,16,1.0
5,16,1.0
5,17,1.0
5,17,1.0
5,17,1.0
5,17,1.0
5,17,1.0
5,17,1.0
5,17,1.0
5,17,1.0
5,17,0.9999
5,17,1.0
5,17,1.0
5,17,1.0
5,17,1.0
5,17,1.0
5,17,1.0
5,17,0.998
5,17,1.0
5,17,0.9999
5,17,1.0
5,17,1.0
5,18,1.0
5,18,1.0
5,18,1.0
5,18,1.0
5,18,1.0
5,18,1.0
5,18,1.0
5,18,1.0
5,18,1.0
5,18,1.0
5,18,1.0
5,18,1.0
5,18,1.0
5,18,1.0
5,18,1.0
5,18,1.0
5,18,1.0
5,18,1.0
5,18,1.0
5,18,1.0
6,1,1.0
6,1,1.0
6,1,1.0
6,1,1.0
6,1,1.0
6,1,0.0
6,1,0.0
6,1,0.0
6,1,0.0
6,1,0.0
6,1,0.0
6,1,0.0
6,1,0.0
6,1,0.0
6,1,0.0
6,1,0.0002
6,1,0.0
6,1,0.0
6,1,0.0007
6,1,0.0
6,2,1.0
6,2,1.0
6,2,1.0
6,2,1.0
6,2,1.0
6,2,0.0
6,2,0.0
6,2,0.0
6,2,0.0
6,2,0.0
6,2,0.0112
6,2,0.0
6,2,1.0
6,2,1.0
6,2,0.0009
6,2,0.8083
6,2,0.9953
6,2,0.9693
6,2,0.5841
6,2,0.7142
6,3,1.0
6,3,1.0
6,3,1.0
6,3,1.0
6,3,1.0
6,3,0.0
6,3,0.0
6,3,0.0
6,3,0.0
6,3,0.0
6,3,0.0
6,3,0.0
6,3,0.0
6,3,0.0
6,3,0.0
6,3,0.9157
6,3,0.2992
6,3,0.7294
6,3,0.3388
6,3,0.0925
6,4,1.0
6,4,1.0
6,4,1.0
6,4,1.0
6,4,1.0
6,4,0.0
6,4,0.0
6,4,0.0
6,4,0.0
6,4,0.0
6,4,0.0
6,4,0.0
6,4,0.0028
6,4,0.0
6,4,0.0
6,4,1.0
6,4,1.0
6,4,1.0
6,4,0.9832
6,4,0.43
6,5,1.0
6,5,1.0
6,5,1.0
6,5,1.0
6,5,1.0
6,5,0.0005
6,5,0.0
6,5,0.0
6,5,0.0
6,5,0.0
6,5,0.0
6,5,0.0
6,5,0.0004
6,5,0.0
6,5,0.0002
6,5,0.0898
6,5,0.0
6,5,0.0717
6,5,0.1316
6,5,0.0207
6,6,1.0
6,6,1.0
6,6,1.0
6,6,1.0
6,6,1.0
6,6,1.0
6,6,1.0
6,6,1.0
6,6,1.0
6,6,1.0
6,6,1.0
6,6,1.0
6,6,1.0
6,6,1.0
6,6,1.0
6,6,1.0
6,6,1.0
6,6,1.0
6,6,1.0
6,6,1.0
6,7,1.0
6,7,1.0
6,7,1.0
6,7,1.0
6,7,1.0
6,7,0.99
6,7,0.9381
6,7,0.4225
6,7,0.2148
6,7,0.8115
6,7,0.1312
6,7,0.0422
6,7,0.8092
6,7,0.3746
6,7,0.1958
6,7,0.5
6,7,0.0016
6,7,0.2272
6,7,0.1662
6,7,0.2122
6,8,1.0
6,8,1.0
6,8,1.0
6,8,1.0
6,8,1.0
6,8,1.0
6,8,1.0
6,8,0.9682
6,8,0.9987
6,8,0.9564
6,8,0.7906
6,8,0.9971
6,8,0.9974
6,8,0.7949
6,8,0.0494
6,8,1.0
6,8,1.0
6,8,1.0
6,8,0.9992
6,8,0.5643
6,9,1.0
6,9,1.0
6,9,1.0
6,9,1.0
6,9,1.0
6,9,0.99
6,9,0.9874
6,9,0.5806
6,9,0.5
6,9,0.7142
6,9,0.5573
6,9,0.9908
6,9,0.985
6,9,0.4373
6,9,0.8275
6,9,0.7095
6,9,1.0
6,9,0.8463
6,9,0.998
6,9,1.0
6,10,1.0
6,10,1.0
6,10,1.0
6,10,1.0
6,10,1.0
6,10,0.7443
6,10,0.0
6,10,0.0057
6,10,0.0106
6,10,0.3089
6,10,0.9985
6,10,1.0
6,10,0.9991
6,10,0.9832
6,10,0.8852
6,10,0.9993
6,10,1.0
6,10,0.9996
6,10,1.0
6,10,1.0
6,11,1.0
6,11,1.0
6,11,1.0
6,11,1.0
6,11,1.0
6,11,0.8659
6,11,0.0136
6,11,0.1725
6,11,0.3642
6,11,0.0541
6,11,0.1
6,11,0.3548
6,11,0.9296
6,11,0.322
6,11,0.7142
6,11,0.9904
6,11,1.0
6,11,0.8569
6,11,0.8569
6,11,0.8192
6,12,1.0
6,12,1.0
6,12,1.0
6,12,1.0
6,12,1.0
6,12,1.0
6,12,1.0
6,12,0.9827
6,12,0.9449
6,12,0.9927
6,12,0.9999
6,12,1.0
6,12,1.0
6,12,0.9931
6,12,0.9904
6,12,0.9959
6,12,1.0
6,12,0.968
6,12,0.9904
6,12,0.9943
6,13,1.0
6,13,1.0
6,13,1.0
6,13,1.0
6,13,1.0
6,13,0.038
6,13,0.0
6,13,0.0001
6,13,0.0003
6,13,0.0
6,13,0.6583
6,13,0.3565
6,13,0.8858
6,13,0.3389
6,13,0.0871
6,13,1.0
6,13,1.0
6,13,1.0
6,13,1.0
6,13,1.0
6,14,1.0
6,14,1.0
6,14,1.0
6,14,1.0
6,14,1.0
6,14,0.0
6,14,0.0
6,14,0.3555
6,14,0.1958
6,14,0.8115
6,14,0.4415
6,14,0.0
6,14,0.0124
6,14,0.0
6,14,0.0001
6,14,0.8684
6,14,0.9955
6,14,0.2905
6,14,0.5841
6,14,0.9959
6,15,1.0
6,15,1.0
6,15,1.0
6,15,1.0
6,15,1.0
6,15,0.9962
6,15,0.0
6,15,0.0004
6,15,0.0297
6,15,0.0001
6,15,0.9952
6,15,0.7176
6,15,0.1909
6,15,0.86
6,15,0.1058
6,15,0.9981
6,15,1.0
6,15,0.8365
6,15,0.9995
6,15,0.998
6,16,1.0
6,16,1.0
6,16,1.0
6,16,1.0
6,16,1.0
6,16,0.0124
6,16,0.0
6,16,0.0
6,16,0.0
6,16,0.0
6,16,0.5
6,16,0.9983
6,16,1.0
6,16,0.6611
6,16,0.1055
6,16,1.0
6,16,1.0
6,16,1.0
6,16,1.0
6,16,1.0
6,17,1.0
6,17,1.0
6,17,1.0
6,17,1.0
6,17,1.0
6,17,0.72
6,17,0.0002
6,17,0.0008
6,17,0.0595
6,17,0.9564
6,17,0.7478
6,17,0.9999
6,17,0.9615
6,17,0.5
6,17,0.9749
6,17,0.9534
6,17,1.0
6,17,0.9739
6,17,0.9998
6,17,0.9983
6,18,1.0
6,18,1.0
6,18,1.0
6,18,1.0
6,18,1.0
6,18,0.9338
6,18,0.9998
6,18,0.9075
6,18,0.5679
6,18,0.9157
6,18,0.9481
6,18,1.0
6,18,1.0
6,18,0.9558
6,18,0.9739
6,18,1.0
6,18,1.0
6,18,1.0
6,18,1.0
6,18,1.0
7,1,1.0
7,1,1.0
7,1,1.0
7,1,1.0
7,1,1.0
7,1,0.0
7,1,0.0
7,1,0.0
7,1,0.0
7,1,0.0
7,1,0.0
7,1,0.0
7,1,0.0
7,1,0.0
7,1,0.0
7,1,0.0005
7,1,0.0
7,1,0.0005
7,1,0.0176
7,1,0.0
7,2,1.0
7,2,1.0
7,2,1.0
7,2,1.0
7,2,1.0
7,2,0.0
7,2,0.0
7,2,0.0
7,2,0.0
7,2,0.0
7,2,0.1
7,2,0.0
7,2,1.0
7,2,1.0
7,2,0.0093
7,2,0.8569
7,2,1.0
7,2,0.998
7,2,0.895
7,2,0.9608
7,3,1.0
7,3,1.0
7,3,1.0
7,3,1.0
7,3,1.0
7,3,0.0
7,3,0.0
7,3,0.0
7,3,0.0
7,3,0.0
7,3,0.0
7,3,0.0
7,3,0.0
7,3,0.0
7,3,0.0
7,3,0.9682
7,3,0.9931
7,3,0.9331
7,3,0.7483
7,3,0.3318
7,4,1.0
7,4,1.0
7,4,1.0
7,4,1.0
7,4,1.0
7,4,0.0
7,4,0.0
7,4,0.0
7,4,0.0
7,4,0.0
7,4,0.0026
7,4,0.0
7,4,0.0001
7,4,0.0
7,4,0.0
7,4,1.0
7,4,1.0
7,4,1.0
7,4,0.9991
7,4,0.7878
7,5,1.0
7,5,1.0
7,5,1.0
7,5,1.0
7,5,1.0
7,5,0.0
7,5,0.0
7,5,0.0
7,5,0.0
7,5,0.0
7,5,0.0
7,5,0.0
7,5,0.0
7,5,0.0
7,5,0.0023
7,5,0.1334
7,5,0.0009
7,5,0.2905
7,5,0.5
7,5,0.1662
7,6,1.0
7,6,1.0
7,6,1.0
7,6,1.0
7,6,1.0
7,6,0.0235
7,6,0.0727
7,6,0.7214
7,6,0.8659
7,6,0.2983
7,6,0.9196
7,6,0.9635
7,6,0.28
7,6,0.7388
7,6,0.8853
7,6,0.6612
7,6,0.9988
7,6,0.8949
7,6,0.9283
7,6,0.8852
7,7,1.0
7,7,1.0
7,7,1.0
7,7,1.0
7,7,1.0
7,7,1.0
7,7,1.0
7,7,1.0
7,7,1.0
7,7,1.0
7,7,1.0
7,7,1.0
7,7,1.0
7,7,1.0
7,7,1.0
7,7,1.0
7,7,1.0
7,7,1.0
7,7,1.0
7,7,1.0
7,8,1.0
7,8,1.0
7,8,1.0
7,8,1.0
7,8,1.0
7,8,0.9996
7,8,1.0
7,8,0.9739
7,8,1.0
7,8,0.8275
7,8,0.9853
7,8,1.0
7,8,0.9923
7,8,0.9033
7,8,0.2612
7,8,1.0
7,8,1.0
7,8,1.0
7,8,1.0
7,8,0.8447
7,9,1.0
7,9,1.0
7,9,1.0
7,9,1.0
7,9,1.0
7,9,0.5
7,9,0.7686
7,9,0.7142
7,9,0.8519
7,9,0.4159
7,9,0.9324
7,9,1.0
7,9,0.9443
7,9,0.6358
7,9,0.9786
7,9,0.7383
7,9,1.0
7,9,0.9894
7,9,0.9999
7,9,1.0
7,10,1.0
7,10,1.0
7,10,1.0
7,10,1.0
7,10,1.0
7,10,0.0662
7,10,0.0
7,10,0.0098
7,10,0.0676
7,10,0.0925
7,10,1.0
7,10,1.0
7,10,0.994
7,10,0.9977
7,10,0.9853
7,10,0.9998
7,10,1.0
7,10,1.0
7,10,1.0
7,10,1.0
7,11,1.0
7,11,1.0
7,11,1.0
7,11,1.0
7,11,1.0
7,11,0.1553
7,11,0.0001
7,11,0.3038
7,11,0.7566
7,11,0.0068
7,11,0.446
7,11,0.9168
7,11,0.8144
7,11,0.5
7,11,0.9449
7,11,0.9978
7,11,1.0
7,11,0.9793
7,11,0.9784
7,11,0.9739
7,12,1.0
7,12,1.0
7,12,1.0
7,12,1.0
7,12,1.0
7,12,0.9793
7,12,1.0
7,12,0.9927
7,12,0.9931
7,12,0.9682
7,12,1.0
7,12,1.0
7,12,1.0
7,12,0.9978
7,12,0.9996
7,12,0.9974
7,12,1.0
7,12,0.9978
7,12,0.9999
7,12,0.9998
7,13,1.0
7,13,1.0
7,13,1.0
7,13,1.0
7,13,1.0
7,13,0.0001
7,13,0.0
7,13,0.0005
7,13,0.0099
7,13,0.0
7,13,0.9444
7,13,0.9149
7,13,0.7371
7,13,0.5
7,13,0.3038
7,13,1.0
7,13,1.0
7,13,1.0
7,13,1.0
7,13,1.0
7,14,1.0
7,14,1.0
7,14,1.0
7,14,1.0
7,14,1.0
7,14,0.0
7,14,0.0
7,14,0.5
7,14,0.5612
7,14,0.5722
7,14,0.8785
7,14,0.0
7,14,0.0032
7,14,0.0
7,14,0.0028
7,14,0.9165
7,14,1.0
7,14,0.7734
7,14,0.895
7,14,0.9998
7,15,1.0
7,15,1.0
7,15,1.0
7,15,1.0
7,15,1.0
7,15,0.7077
7,15,0.0
7,15,0.0007
7,15,0.1562
7,15,0.0
7,15,0.9999
7,15,0.9889
7,15,0.068
7,15,0.9281
7,15,0.3389
7,15,0.9988
7,15,1.0
7,15,0.9894
7,15,1.0
7,15,0.9999
7,16,1.0
7,16,1.0
7,16,1.0
7,16,1.0
7,16,1.0
7,16,0.0
7,16,0.0
7,16,0.0
7,16,0.0001
7,16,0.0
7,16,0.8736
7,16,1.0
7,16,0.9998
7,16,0.8092
7,16,0.3679
7,16,1.0
7,16,1.0
7,16,1.0
7,16,1.0
7,16,1.0
7,17,1.0
7,17,1.0
7,17,1.0
7,17,1.0
7,17,1.0
7,17,0.0662
7,17,0.0
7,17,0.0033
7,17,0.2204
7,17,0.8569
7,17,0.9756
7,17,1.0
7,17,0.8898
7,17,0.6742
7,17,0.9993
7,17,0.968
7,17,1.0
7,17,0.9996
7,17,1.0
7,17,1.0
7,18,1.0
7,18,1.0
7,18,1.0
7,18,1.0
7,18,1.0
7,18,0.2366
7,18,0.9773
7,18,0.9622
7,18,0.8998
7,18,0.7383
7,18,0.9957
7,18,1.0
7,18,1.0
7,18,0.99
7,18,0.9983
7,18,1.0
7,18,1.0
7,18,1.0
7,18,1.0
7,18,1.0
8,1,1.0
8,1,1.0
8,1,1.0
8,1,1.0
8,1,1.0
8,1,0.0
8,1,0.0
8,1,0.0
8,1,0.0
8,1,0.0
8,1,0.0
8,1,0.0
8,1,0.0
8,1,0.0
8,1,0.0
8,1,0.0
8,1,0.0
8,1,0.0
8,1,0.0
8,1,0.0
8,2,1.0
8,2,1.0
8,2,1.0
8,2,1.0
8,2,1.0
8,2,0.0
8,2,0.0
8,2,0.0
8,2,0.0
8,2,0.0
8,2,0.0008
8,2,0.0
8,2,1.0
8,2,1.0
8,2,0.0668
8,2,0.0
8,2,0.0
8,2,0.0015
8,2,0.0023
8,2,0.6821
8,3,1.0
8,3,1.0
8,3,1.0
8,3,1.0
8,3,1.0
8,3,0.0
8,3,0.0
8,3,0.0
8,3,0.0
8,3,0.0
8,3,0.0
8,3,0.0
8,3,0.0
8,3,0.0
8,3,0.0
8,3,0.0
8,3,0.0
8,3,0.0002
8,3,0.0009
8,3,0.1147
8,4,1.0
8,4,1.0
8,4,1.0
8,4,1.0
8,4,1.0
8,4,0.0
8,4,0.0
8,4,0.0
8,4,0.0
8,4,0.0
8,4,0.0
8,4,0.0
8,4,0.0
8,4,0.0
8,4,0.0
8,4,0.0325
8,4,0.0054
8,4,0.7796
8,4,0.1279
8,4,0.4225
8,5,1.0
8,5,1.0
8,5,1.0
8,5,1.0
8,5,1.0
8,5,0.0
8,5,0.0
8,5,0.0
8,5,0.0
8,5,0.0
8,5,0.0
8,5,0.0
8,5,0.0
8,5,0.0
8,5,0.0267
8,5,0.0
8,5,0.0
8,5,0.0
8,5,0.0001
8,5,0.0494
8,6,1.0
8,6,1.0
8,6,1.0
8,6,1.0
8,6,1.0
8,6,0.0
8,6,0.0
8,6,0.0835
8,6,0.0059
8,6,0.0925
8,6,0.295
8,6,0.0036
8,6,0.0056
8,6,0.2916
8,6,0.9765
8,6,0.0
8,6,0.0
8,6,0.0
8,6,0.0023
8,6,0.5643
8,7,1.0
8,7,1.0
8,7,1.0
8,7,1.0
8,7,1.0
8,7,0.0022
8,7,0.0
8,7,0.061
8,7,0.0003
8,7,0.2858
8,7,0.0297
8,7,0.0
8,7,0.0164
8,7,0.1562
8,7,0.8316
8,7,0.0
8,7,0.0
8,7,0.0
8,7,0.0002
8,7,0.2498
8,8,1.0
8,8,1.0
8,8,1.0
8,8,1.0
8,8,1.0
8,8,1.0
8,8,1.0
8,8,1.0
8,8,1.0
8,8,1.0
8,8,1.0
8,8,1.0
8,8,1.0
8,8,1.0
8,8,1.0
8,8,1.0
8,8,1.0
8,8,1.0
8,8,1.0
8,8,1.0
8,9,1.0
8,9,1.0
8,9,1.0
8,9,1.0
8,9,1.0
8,9,0.0007
8,9,0.0
8,9,0.105
8,9,0.0053
8,9,0.1725
8,9,0.2841
8,9,0.3463
8,9,0.2354
8,9,0.1856
8,9,0.9977
8,9,0.0
8,9,0.0
8,9,0.0006
8,9,0.225
8,9,0.9989
8,10,1.0
8,10,1.0
8,10,1.0
8,10,1.0
8,10,1.0
8,10,0.0
8,10,0.0
8,10,0.0001
8,10,0.0
8,10,0.0251
8,10,0.9902
8,10,1.0
8,10,0.6706
8,10,0.889
8,10,0.9968
8,10,0.0009
8,10,0.0788
8,10,0.068
8,10,0.7307
8,10,0.9995
8,11,1.0
8,11,1.0
8,11,1.0
8,11,1.0
8,11,1.0
8,11,0.0001
8,11,0.0
8,11,0.0096
8,11,0.003
8,11,0.0009
8,11,0.0259
8,11,0.0008
8,11,0.0631
8,11,0.1163
8,11,0.99
8,11,0.0
8,11,0.0
8,11,0.0001
8,11,0.0164
8,11,0.7852
8,12,1.0
8,12,1.0
8,12,1.0
8,12,1.0
8,12,1.0
8,12,0.1334
8,12,0.1956
8,12,0.7728
8,12,0.2617
8,12,0.8083
8,12,0.9983
8,12,1.0
8,12,0.9962
8,12,0.9506
8,12,0.9999
8,12,0.0005
8,12,0.0
8,12,0.0031
8,12,0.1528
8,12,0.9818
8,13,1.0
8,13,1.0
8,13,1.0
8,13,1.0
8,13,1.0
8,13,0.0
8,13,0.0
8,13,0.0
8,13,0.0
8,13,0.0
8,13,0.3919
8,13,0.0009
8,13,0.0595
8,13,0.1215
8,13,0.617
8,13,0.971
8,13,1.0
8,13,1.0
8,13,1.0
8,13,1.0
8,14,1.0
8,14,1.0
8,14,1.0
8,14,1.0
8,14,1.0
8,14,0.0
8,14,0.0
8,14,0.0262
8,14,0.0015
8,14,0.2786
8,14,0.2005
8,14,0.0
8,14,0.0
8,14,0.0
8,14,0.0337
8,14,0.0
8,14,0.0
8,14,0.0
8,14,0.0028
8,14,0.9778
8,15,1.0
8,15,1.0
8,15,1.0
8,15,1.0
8,15,1.0
8,15,0.0096
8,15,0.0
8,15,0.0
8,15,0.0
8,15,0.0
8,15,0.967
8,15,0.016
8,15,0.0003
8,15,0.6146
8,15,0.6061
8,15,0.0008
8,15,0.0
8,15,0.0008
8,15,0.354
8,15,0.9912
8,16,1.0
8,16,1.0
8,16,1.0
8,16,1.0
8,16,1.0
8,16,0.0
8,16,0.0
8,16,0.0
8,16,0.0
8,16,0.0
8,16,0.2483
8,16,0.5697
8,16,0.9129
8,16,0.3776
8,16,0.6611
8,16,1.0
8,16,1.0
8,16,1.0
8,16,1.0
8,16,1.0
8,17,1.0
8,17,1.0
8,17,1.0
8,17,1.0
8,17,1.0
8,17,0.0
8,17,0.0
8,17,0.0
8,17,0.0001
8,17,0.5841
8,17,0.5
8,17,0.8149
8,17,0.1456
8,17,0.2257
8,17,0.9999
8,17,0.0
8,17,0.0
8,17,0.0008
8,17,0.5482
8,17,0.9928
8,18,1.0
8,18,1.0
8,18,1.0
8,18,1.0
8,18,1.0
8,18,0.0003
8,18,0.0
8,18,0.5
8,18,0.0085
8,18,0.4253
8,18,0.8042
8,18,1.0
8,18,0.998
8,18,0.8256
8,18,0.9995
8,18,0.1704
8,18,1.0
8,18,1.0
8,18,1.0
8,18,0.9999
9,1,0.0
9,1,0.0
9,1,0.0
9,1,0.0
9,1,0.0
9,1,0.0
9,1,0.0
9,1,0.0
9,1,0.0
9,1,0.0
9,1,0.0
9,1,0.0
9,1,0.0
9,1,0.0
9,1,0.0
9,1,0.0001
9,1,0.0
9,1,0.0
9,1,0.0
9,1,0.0
9,2,1.0
9,2,1.0
9,2,1.0
9,2,1.0
9,2,1.0
9,2,0.0
9,2,0.0
9,2,0.0
9,2,0.0
9,2,0.0
9,2,0.006
9,2,0.0
9,2,1.0
9,2,1.0
9,2,0.0
9,2,0.7383
9,2,0.0
9,2,0.8519
9,2,0.0147
9,2,0.0004
9,3,1.0
9,3,1.0
9,3,1.0
9,3,1.0
9,3,1.0
9,3,0.0
9,3,0.0
9,3,0.0
9,3,0.0
9,3,0.0
9,3,0.0
9,3,0.0
9,3,0.0
9,3,0.0
9,3,0.0
9,3,0.8852
9,3,0.0
9,3,0.4159
9,3,0.0012
9,3,0.0
9,4,1.0
9,4,1.0
9,4,1.0
9,4,1.0
9,4,1.0
9,4,0.0
9,4,0.0
9,4,0.0
9,4,0.0
9,4,0.0
9,4,0.0001
9,4,0.0
9,4,0.0
9,4,0.0
9,4,0.0
9,4,1.0
9,4,1.0
9,4,1.0
9,4,0.5
9,4,0.0005
9,5,0.0
9,5,0.0
9,5,0.0
9,5,0.0
9,5,0.0
9,5,0.0
9,5,0.0
9,5,0.0
9,5,0.0
9,5,0.0
9,5,0.0
9,5,0.0
9,5,0.0
9,5,0.0
9,5,0.0
9,5,0.0717
9,5,0.0
9,5,0.0064
9,5,0.0003
9,5,0.0
9,6,1.0
9,6,1.0
9,6,1.0
9,6,1.0
9,6,1.0
9,6,0.0251
9,6,0.0157
9,6,0.5806
9,6,0.6286
9,6,0.4253
9,6,0.5573
9,6,0.011
9,6,0.029
9,6,0.6821
9,6,0.2858
9,6,0.5
9,6,0.0
9,6,0.2706
9,6,0.0073
9,6,0.0002
9,7,1.0
9,7,1.0
9,7,1.0
9,7,1.0
9,7,1.0
9,7,0.6399
9,7,0.2585
9,7,0.4253
9,7,0.2434
9,7,0.7383
9,7,0.1163
9,7,0.0
9,7,0.0967
9,7,0.5
9,7,0.0494
9,7,0.4159
9,7,0.0
9,7,0.0384
9,7,0.0005
9,7,0.0
9,8,1.0
9,8,1.0
9,8,1.0
9,8,1.0
9,8,1.0
9,8,0.9999
9,8,1.0
9,8,0.9534
9,8,0.9987
9,8,0.9075
9,8,0.8042
9,8,0.6798
9,8,0.8438
9,8,0.8837
9,8,0.0068
9,8,1.0
9,8,1.0
9,8,0.9998
9,8,0.8432
9,8,0.0027
9,9,1.0
9,9,1.0
9,9,1.0
9,9,1.0
9,9,1.0
9,9,1.0
9,9,1.0
9,9,1.0
9,9,1.0
9,9,1.0
9,9,1.0
9,9,1.0
9,9,1.0
9,9,1.0
9,9,1.0
9,9,1.0
9,9,1.0
9,9,1.0
9,9,1.0
9,9,1.0
9,10,1.0
9,10,1.0
9,10,1.0
9,10,1.0
9,10,1.0
9,10,0.068
9,10,0.0
9,10,0.0066
9,10,0.0045
9,10,0.1635
9,10,0.9995
9,10,1.0
9,10,0.9179
9,10,0.9974
9,10,0.6445
9,10,0.9988
9,10,1.0
9,10,0.998
9,10,0.9947
9,10,0.6821
9,11,1.0
9,11,1.0
9,11,1.0
9,11,1.0
9,11,1.0
9,11,0.1808
9,11,0.0
9,11,0.1725
9,11,0.4253
9,11,0.0147
9,11,0.0719
9,11,0.0027
9,11,0.295
9,11,0.434
9,11,0.4225
9,11,0.9855
9,11,0.0034
9,11,0.5806
9,11,0.068
9,11,0.0015
9,12,1.0
9,12,1.0
9,12,1.0
9,12,1.0
9,12,1.0
9,12,0.9827
9,12,1.0
9,12,0.9827
9,12,0.9739
9,12,0.9904
9,12,0.9998
9,12,1.0
9,12,0.9999
9,12,0.996
9,12,0.939
9,12,0.9919
9,12,0.8359
9,12,0.8275
9,12,0.4194
9,12,0.1215
9,13,0.14
9,13,0.0
9,13,0.1341
9,13,0.0205
9,13,1.0
9,13,0.0002
9,13,0.0
9,13,0.0001
9,13,0.0016
9,13,0.0
9,13,0.6673
9,13,0.0031
9,13,0.2307
9,13,0.4449
9,13,0.0063
9,13,1.0
9,13,1.0
9,13,1.0
9,13,1.0
9,13,0.9476
9,14,0.5
9,14,0.0212
9,14,0.1958
9,14,0.1885
9,14,0.5927
9,14,0.0
9,14,0.0
9,14,0.3642
9,14,0.2664
9,14,0.7142
9,14,0.4388
9,14,0.0
9,14,0.0
9,14,0.0
9,14,0.0
9,14,0.7878
9,14,0.0
9,14,0.0717
9,14,0.0096
9,14,0.068
9,15,1.0
9,15,1.0
9,15,1.0
9,15,1.0
9,15,1.0
9,15,0.7878
9,15,0.0
9,15,0.0003
9,15,0.0266
9,15,0.0
9,15,0.9985
9,15,0.0372
9,15,0.0016
9,15,0.908
9,15,0.0244
9,15,0.9959
9,15,0.9429
9,15,0.5806
9,15,0.779
9,15,0.2148
9,16,1.0
9,16,1.0
9,16,1.0
9,16,1.0
9,16,1.0
9,16,0.0
9,16,0.0
9,16,0.0
9,16,0.0
9,16,0.0
9,16,0.5
9,16,0.7256
9,16,0.9931
9,16,0.7601
9,16,0.0235
9,16,1.0
9,16,1.0
9,16,1.0
9,16,1.0
9,16,0.9992
9,17,1.0
9,17,1.0
9,17,1.0
9,17,1.0
9,17,1.0
9,17,0.0748
9,17,0.0
9,17,0.0006
9,17,0.0401
9,17,0.9519
9,17,0.7601
9,17,0.9057
9,17,0.446
9,17,0.6286
9,17,0.8923
9,17,0.9157
9,17,0.983
9,17,0.8761
9,17,0.9461
9,17,0.2664
9,18,0.3642
9,18,1.0
9,18,0.9993
9,18,0.9784
9,18,0.9673
9,18,0.2983
9,18,0.9022
9,18,0.9242
9,18,0.6399
9,18,0.8684
9,18,0.9519
9,18,1.0
9,18,0.9997
9,18,0.9756
9,18,0.8761
9,18,1.0
9,18,1.0
9,18,1.0
9,18,1.0
9,18,0.7693
10,1,1.0
10,1,1.0
10,1,1.0
10,1,1.0
10,1,1.0
10,1,0.0
10,1,0.0
10,1,0.0
10,1,0.0
10,1,0.0
10,1,0.0
10,1,0.0
10,1,0.0
10,1,0.0
10,1,0.0
10,1,0.0
10,1,0.0
10,1,0.0
10,1,0.0
10,1,0.0
10,2,1.0
10,2,1.0
10,2,1.0
10,2,1.0
10,2,1.0
10,2,0.0
10,2,0.0
10,2,0.0
10,2,0.0
10,2,0.0
10,2,0.0
10,2,0.0
10,2,1.0
10,2,1.0
10,2,0.0
10,2,0.0205
10,2,0.0
10,2,0.1215
10,2,0.0
10,2,0.0
10,3,1.0
10,3,1.0
10,3,1.0
10,3,1.0
10,3,1.0
10,3,0.0
10,3,0.0
10,3,0.0
10,3,0.0035
10,3,0.0004
10,3,0.0
10,3,0.0
10,3,0.0
10,3,0.0
10,3,0.0
10,3,0.0662
10,3,0.0
10,3,0.01
10,3,0.0
10,3,0.0
10,4,1.0
10,4,1.0
10,4,1.0
10,4,1.0
10,4,1.0
10,4,0.0
10,4,0.0
10,4,0.0279
10,4,0.0
10,4,0.0
10,4,0.0
10,4,0.0
10,4,0.0
10,4,0.0
10,4,0.0
10,4,0.962
10,4,0.1956
10,4,0.9955
10,4,0.0804
10,4,0.0002
10,5,1.0
10,5,1.0
10,5,1.0
10,5,1.0
10,5,1.0
10,5,0.0001
10,5,0.0
10,5,0.0
10,5,0.0013
10,5,0.0
10,5,0.0
10,5,0.0
10,5,0.0
10,5,0.0
10,5,0.0
10,5,0.0
10,5,0.0
10,5,0.0
10,5,0.0
10,5,0.0
10,6,1.0
10,6,1.0
10,6,1.0
10,6,1.0
10,6,1.0
10,6,0.3714
10,6,1.0
10,6,0.9977
10,6,0.9953
10,6,0.7975
10,6,0.004
10,6,0.0
10,6,0.0022
10,6,0.0365
10,6,0.2122
10,6,0.0026
10,6,0.0
10,6,0.0017
10,6,0.0
10,6,0.0001
10,7,1.0
10,7,1.0
10,7,1.0
10,7,1.0
10,7,1.0
10,7,0.9674
10,7,1.0
10,7,0.996
10,7,0.9638
10,7,0.9564
10,7,0.0
10,7,0.0
10,7,0.0124
10,7,0.0068
10,7,0.0354
10,7,0.0008
10,7,0.0
10,7,0.0
10,7,0.0
10,7,0.0
10,8,1.0
10,8,1.0
10,8,1.0
10,8,1.0
10,8,1.0
10,8,1.0
10,8,1.0
10,8,1.0
10,8,1.0
10,8,0.99
10,8,0.0218
10,8,0.0
10,8,0.4415
10,8,0.1802
10,8,0.0083
10,8,0.9996
10,8,0.9304
10,8,0.9592
10,8,0.3561
10,8,0.0013
10,9,1.0
10,9,1.0
10,9,1.0
10,9,1.0
10,9,1.0
10,9,0.9693
10,9,1.0
10,9,0.9972
10,9,0.9985
10,9,0.9157
10,9,0.0017
10,9,0.0
10,9,0.14
10,9,0.0081
10,9,0.5
10,9,0.0041
10,9,0.0
10,9,0.0073
10,9,0.0173
10,9,0.4373
10,10,1.0
10,10,1.0
10,10,1.0
10,10,1.0
10,10,1.0
10,10,1.0
10,10,1.0
10,10,1.0
10,10,1.0
10,10,1.0
10,10,1.0
10,10,1.0
10,10,1.0
10,10,1.0
10,10,1.0
10,10,1.0
10,10,1.0
10,10,1.0
10,10,1.0
10,10,1.0
10,11,1.0
10,11,1.0
10,11,1.0
10,11,1.0
10,11,1.0
10,11,0.7566
10,11,0.9996
10,11,0.9756
10,11,0.9943
10,11,0.1744
10,11,0.0
10,11,0.0
10,11,0.0395
10,11,0.0069
10,11,0.3506
10,11,0.2434
10,11,0.0
10,11,0.0205
10,11,0.0011
10,11,0.0006
10,12,1.0
10,12,1.0
10,12,1.0
10,12,1.0
10,12,1.0
10,12,0.9999
10,12,1.0
10,12,1.0
10,12,1.0
10,12,0.9998
10,12,0.7634
10,12,1.0
10,12,0.9947
10,12,0.7294
10,12,0.9423
10,12,0.3642
10,12,0.0
10,12,0.0539
10,12,0.0096
10,12,0.0436
10,13,1.0
10,13,1.0
10,13,1.0
10,13,1.0
10,13,1.0
10,13,0.015
10,13,0.0
10,13,0.1528
10,13,0.2094
10,13,0.0001
10,13,0.008
10,13,0.0
10,13,0.0218
10,13,0.0113
10,13,0.01
10,13,1.0
10,13,1.0
10,13,1.0
10,13,0.9999
10,13,0.9281
10,14,1.0
10,14,1.0
10,14,1.0
10,14,1.0
10,14,1.0
10,14,0.0
10,14,0.5142
10,14,0.9931
10,14,0.9765
10,14,0.9506
10,14,0.0012
10,14,0.0
10,14,0.0
10,14,0.0
10,14,0.0
10,14,0.0214
10,14,0.0
10,14,0.0
10,14,0.0
10,14,0.0354
10,15,1.0
10,15,1.0
10,15,1.0
10,15,1.0
10,15,1.0
10,15,0.9919
10,15,0.0259
10,15,0.2005
10,15,0.7502
10,15,0.001
10,15,0.3506
10,15,0.0
10,15,0.0002
10,15,0.1958
10,15,0.0119
10,15,0.4194
10,15,0.0
10,15,0.0096
10,15,0.0925
10,15,0.0843
10,16,1.0
10,16,1.0
10,16,1.0
10,16,1.0
10,16,1.0
10,16,0.0027
10,16,0.0
10,16,0.0279
10,16,0.0192
10,16,0.0
10,16,0.0039
10,16,0.0
10,16,0.8659
10,16,0.0967
10,16,0.0144
10,16,1.0
10,16,1.0
10,16,1.0
10,16,1.0
10,16,0.9985
10,17,1.0
10,17,1.0
10,17,1.0
10,17,1.0
10,17,1.0
10,17,0.5679
10,17,0.9748
10,17,0.3327
10,17,0.8316
10,17,0.9953
10,17,0.0138
10,17,0.0
10,17,0.1102
10,17,0.0121
10,17,0.8761
10,17,0.068
10,17,0.0
10,17,0.1002
10,17,0.3388
10,17,0.1325
10,18,1.0
10,18,1.0
10,18,1.0
10,18,1.0
10,18,1.0
10,18,0.8595
10,18,1.0
10,18,1.0
10,18,0.9993
10,18,0.9915
10,18,0.0998
10,18,0.8846
10,18,0.9943
10,18,0.4321
10,18,0.8463
10,18,0.9972
10,18,1.0
10,18,1.0
10,18,0.9998
10,18,0.7077
11,1,1.0
11,1,1.0
11,1,1.0
11,1,1.0
11,1,1.0
11,1,0.0
11,1,0.0
11,1,0.0
11,1,0.0
11,1,0.0
11,1,0.0
11,1,0.0
11,1,0.0
11,1,0.0
11,1,0.0
11,1,0.0
11,1,0.0
11,1,0.0
11,1,0.0
11,1,0.0
11,2,1.0
11,2,1.0
11,2,1.0
11,2,1.0
11,2,1.0
11,2,0.0
11,2,0.0
11,2,0.0
11,2,0.0
11,2,0.0
11,2,0.1403
11,2,0.0
11,2,1.0
11,2,1.0
11,2,0.0001
11,2,0.0843
11,2,0.0678
11,2,0.8675
11,2,0.2706
11,2,0.4119
11,3,1.0
11,3,1.0
11,3,1.0
11,3,1.0
11,3,1.0
11,3,0.0
11,3,0.0
11,3,0.0
11,3,0.0
11,3,0.0026
11,3,0.0
11,3,0.0
11,3,0.0
11,3,0.0
11,3,0.0
11,3,0.2291
11,3,0.0
11,3,0.4225
11,3,0.1239
11,3,0.0085
11,4,1.0
11,4,1.0
11,4,1.0
11,4,1.0
11,4,1.0
11,4,0.0
11,4,0.0
11,4,0.0001
11,4,0.0
11,4,0.0
11,4,0.007
11,4,0.0
11,4,0.0
11,4,0.0
11,4,0.0
11,4,0.996
11,4,1.0
11,4,1.0
11,4,0.9338
11,4,0.2025
11,5,1.0
11,5,1.0
11,5,1.0
11,5,1.0
11,5,1.0
11,5,0.0
11,5,0.0
11,5,0.0
11,5,0.0
11,5,0.0003
11,5,0.0
11,5,0.0
11,5,0.0
11,5,0.0001
11,5,0.0
11,5,0.0002
11,5,0.0
11,5,0.0064
11,5,0.0207
11,5,0.0047
11,6,1.0
11,6,1.0
11,6,1.0
11,6,1.0
11,6,1.0
11,6,0.2148
11,6,0.989
11,6,0.9075
11,6,0.7566
11,6,0.9734
11,6,0.9381
11,6,0.6701
11,6,0.1144
11,6,0.7796
11,6,0.4253
11,6,0.0261
11,6,0.0
11,6,0.2617
11,6,0.2617
11,6,0.2923
11,7,1.0
11,7,1.0
11,7,1.0
11,7,1.0
11,7,1.0
11,7,0.9123
11,7,0.9999
11,7,0.8042
11,7,0.3642
11,7,0.9977
11,7,0.6583
11,7,0.094
11,7,0.2757
11,7,0.617
11,7,0.1077
11,7,0.0085
11,7,0.0
11,7,0.0577
11,7,0.0539
11,7,0.061
11,8,1.0
11,8,1.0
11,8,1.0
11,8,1.0
11,8,1.0
11,8,1.0
11,8,1.0
11,8,0.997
11,8,0.9992
11,8,0.9997
11,8,0.9863
11,8,0.9993
11,8,0.967
11,8,0.9324
11,8,0.0235
11,8,1.0
11,8,1.0
11,8,1.0
11,8,0.9923
11,8,0.3179
11,9,1.0
11,9,1.0
11,9,1.0
11,9,1.0
11,9,1.0
11,9,0.8998
11,9,1.0
11,9,0.9075
11,9,0.7142
11,9,0.9947
11,9,0.9605
11,9,0.9979
11,9,0.7906
11,9,0.6911
11,9,0.7214
11,9,0.0378
11,9,0.9973
11,9,0.5806
11,9,0.9693
11,9,0.9996
11,10,1.0
11,10,1.0
11,10,1.0
11,10,1.0
11,10,1.0
11,10,0.3642
11,10,0.0006
11,10,0.0481
11,10,0.0144
11,10,0.8945
11,10,1.0
11,10,1.0
11,10,0.98
11,10,0.9975
11,10,0.779
11,10,0.8519
11,10,1.0
11,10,0.9917
11,10,0.9997
11,10,0.9998
11,11,1.0
11,11,1.0
11,11,1.0
11,11,1.0
11,11,1.0
11,11,1.0
11,11,1.0
11,11,1.0
11,11,1.0
11,11,1.0
11,11,1.0
11,11,1.0
11,11,1.0
11,11,1.0
11,11,1.0
11,11,1.0
11,11,1.0
11,11,1.0
11,11,1.0
11,11,1.0
11,12,1.0
11,12,1.0
11,12,1.0
11,12,1.0
11,12,1.0
11,12,0.9995
11,12,1.0
11,12,0.9992
11,12,0.9879
11,12,1.0
11,12,1.0
11,12,1.0
11,12,1.0
11,12,0.9982
11,12,0.9693
11,12,0.6962
11,12,0.9999
11,12,0.8115
11,12,0.939
11,12,0.9786
11,13,1.0
11,13,1.0
11,13,1.0
11,13,1.0
11,13,1.0
11,13,0.0052
11,13,0.0
11,13,0.0019
11,13,0.0043
11,13,0.0102
11,13,0.9686
11,13,0.5133
11,13,0.5
11,13,0.5551
11,13,0.0288
11,13,1.0
11,13,1.0
11,13,1.0
11,13,1.0
11,13,1.0
11,14,1.0
11,14,1.0
11,14,1.0
11,14,1.0
11,14,1.0
11,14,0.0
11,14,0.0006
11,14,0.7502
11,14,0.3746
11,14,0.9962
11,14,0.9369
11,14,0.0
11,14,0.0001
11,14,0.0
11,14,0.0
11,14,0.1405
11,14,0.067
11,14,0.0835
11,14,0.2706
11,14,0.9784
11,15,1.0
11,15,1.0
11,15,1.0
11,15,1.0
11,15,1.0
11,15,0.9552
11,15,0.0
11,15,0.0027
11,15,0.0631
11,15,0.0267
11,15,1.0
11,15,0.835
11,15,0.0178
11,15,0.9481
11,15,0.0481
11,15,0.7566
11,15,1.0
11,15,0.5747
11,15,0.9878
11,15,0.9832
11,16,1.0
11,16,1.0
11,16,1.0
11,16,1.0
11,16,1.0
11,16,0.0004
11,16,0.0
11,16,0.0
11,16,0.0
11,16,0.0006
11,16,0.9481
11,16,0.9996
11,16,0.9977
11,16,0.8169
11,16,0.0541
11,16,1.0
11,16,1.0
11,16,1.0
11,16,1.0
11,16,1.0
11,17,1.0
11,17,1.0
11,17,1.0
11,17,1.0
11,17,1.0
11,17,0.3642
11,17,0.0897
11,17,0.0164
11,17,0.1055
11,17,0.9999
11,17,0.985
11,17,1.0
11,17,0.7159
11,17,0.7243
11,17,0.9738
11,17,0.2983
11,17,1.0
11,17,0.8761
11,17,0.9989
11,17,0.99
11,18,1.0
11,18,1.0
11,18,1.0
11,18,1.0
11,18,1.0
11,18,0.6911
11,18,1.0
11,18,0.99
11,18,0.779
11,18,0.9987
11,18,0.9995
11,18,1.0
11,18,1.0
11,18,0.9853
11,18,0.932
11,18,0.9999
11,18,1.0
11,18,1.0
11,18,1.0
11,18,1.0
12,1,1.0
12,1,1.0
12,1,1.0
12,1,1.0
12,1,1.0
12,1,0.0
12,1,0.0
12,1,0.0
12,1,0.0
12,1,0.0
12,1,0.0
12,1,0.0
12,1,0.0
12,1,0.0
12,1,0.0
12,1,0.0
12,1,0.0
12,1,0.0
12,1,0.0
12,1,0.0
12,2,1.0
12,2,1.0
12,2,1.0
12,2,1.0
12,2,1.0
12,2,0.0
12,2,0.0
12,2,0.0
12,2,0.0
12,2,0.0
12,2,0.0
12,2,0.0
12,2,1.0
12,2,1.0
12,2,0.0
12,2,0.0662
12,2,0.0
12,2,0.6445
12,2,0.0216
12,2,0.0145
12,3,1.0
12,3,1.0
12,3,1.0
12,3,1.0
12,3,1.0
12,3,0.0
12,3,0.0
12,3,0.0
12,3,0.0
12,3,0.0
12,3,0.0
12,3,0.0
12,3,0.0
12,3,0.0
12,3,0.0
12,3,0.162
12,3,0.0
12,3,0.1885
12,3,0.0063
12,3,0.0002
12,4,1.0
12,4,1.0
12,4,1.0
12,4,1.0
12,4,1.0
12,4,0.0
12,4,0.0
12,4,0.0
12,4,0.0
12,4,0.0
12,4,0.0
12,4,0.0
12,4,0.0
12,4,0.0
12,4,0.0
12,4,0.985
12,4,0.9999
12,4,0.9998
12,4,0.617
12,4,0.0113
12,5,1.0
12,5,1.0
12,5,1.0
12,5,1.0
12,5,1.0
12,5,0.0
12,5,0.0
12,5,0.0
12,5,0.0
12,5,0.0
12,5,0.0
12,5,0.0
12,5,0.0
12,5,0.0
12,5,0.0
12,5,0.0003
12,5,0.0
12,5,0.002
12,5,0.0005
12,5,0.0
12,6,1.0
12,6,1.0
12,6,1.0
12,6,1.0
12,6,1.0
12,6,0.0001
12,6,0.0
12,6,0.0466
12,6,0.1077
12,6,0.0216
12,6,0.0005
12,6,0.0
12,6,0.0
12,6,0.0168
12,6,0.0261
12,6,0.0121
12,6,0.0
12,6,0.0758
12,6,0.0261
12,6,0.0144
12,7,1.0
12,7,1.0
12,7,1.0
12,7,1.0
12,7,1.0
12,7,0.0577
12,7,0.0
12,7,0.0216
12,7,0.0168
12,7,0.0835
12,7,0.0
12,7,0.0
12,7,0.0
12,7,0.0058
12,7,0.0017
12,7,0.0081
12,7,0.0
12,7,0.0085
12,7,0.0004
12,7,0.0007
12,8,1.0
12,8,1.0
12,8,1.0
12,8,1.0
12,8,1.0
12,8,0.9539
12,8,0.8344
12,8,0.4018
12,8,0.8569
12,8,0.3318
12,8,0.0047
12,8,0.0
12,8,0.01
12,8,0.0939
12,8,0.0005
12,8,0.9998
12,8,1.0
12,8,0.9987
12,8,0.9
12,8,0.0352
12,9,1.0
12,9,1.0
12,9,1.0
12,9,1.0
12,9,1.0
12,9,0.0466
12,9,0.0
12,9,0.0466
12,9,0.061
12,9,0.0318
12,9,0.0006
12,9,0.0
12,9,0.0003
12,9,0.0098
12,9,0.1239
12,9,0.0214
12,9,0.1842
12,9,0.2858
12,9,0.7294
12,9,0.9338
12,10,1.0
12,10,1.0
12,10,1.0
12,10,1.0
12,10,1.0
12,10,0.0005
12,10,0.0
12,10,0.0
12,10,0.0
12,10,0.0013
12,10,0.3601
12,10,0.0
12,10,0.0147
12,10,0.4194
12,10,0.1316
12,10,0.7566
12,10,1.0
12,10,0.9784
12,10,0.997
12,10,0.9822
12,11,1.0
12,11,1.0
12,11,1.0
12,11,1.0
12,11,1.0
12,11,0.002
12,11,0.0
12,11,0.003
12,11,0.0307
12,11,0.0001
12,11,0.0
12,11,0.0
12,11,0.0001
12,11,0.0048
12,11,0.068
12,11,0.4321
12,11,0.0002
12,11,0.2983
12,11,0.1239
12,11,0.0494
12,12,1.0
12,12,1.0
12,12,1.0
12,12,1.0
12,12,1.0
12,12,1.0
12,12,1.0
12,12,1.0
12,12,1.0
12,12,1.0
12,12,1.0
12,12,1.0
12,12,1.0
12,12,1.0
12,12,1.0
12,12,1.0
12,12,1.0
12,12,1.0
12,12,1.0
12,12,1.0
12,13,1.0
12,13,1.0
12,13,1.0
12,13,1.0
12,13,1.0
12,13,0.0
12,13,0.0
12,13,0.0
12,13,0.0
12,13,0.0
12,13,0.0014
12,13,0.0
12,13,0.0
12,13,0.004
12,13,0.0005
12,13,1.0
12,13,1.0
12,13,1.0
12,13,1.0
12,13,0.9985
12,14,1.0
12,14,1.0
12,14,1.0
12,14,1.0
12,14,1.0
12,14,0.0
12,14,0.0
12,14,0.0059
12,14,0.0081
12,14,0.0946
12,14,0.0001
12,14,0.0
12,14,0.0
12,14,0.0
12,14,0.0
12,14,0.0392
12,14,0.0
12,14,0.0133
12,14,0.0064
12,14,0.5
12,15,1.0
12,15,1.0
12,15,1.0
12,15,1.0
12,15,1.0
12,15,0.0898
12,15,0.0
12,15,0.0
12,15,0.0001
12,15,0.0
12,15,0.1635
12,15,0.0
12,15,0.0
12,15,0.1002
12,15,0.0005
12,15,0.655
12,15,0.7431
12,15,0.2517
12,15,0.8761
12,15,0.6962
12,16,1.0
12,16,1.0
12,16,1.0
12,16,1.0
12,16,1.0
12,16,0.0
12,16,0.0
12,16,0.0
12,16,0.0
12,16,0.0
12,16,0.0004
12,16,0.0
12,16,0.1481
12,16,0.0519
12,16,0.0004
12,16,1.0
12,16,1.0
12,16,1.0
12,16,1.0
12,16,1.0
12,17,1.0
12,17,1.0
12,17,1.0
12,17,1.0
12,17,1.0
12,17,0.0011
12,17,0.0
12,17,0.0
12,17,0.0004
12,17,0.3238
12,17,0.004
12,17,0.0
12,17,0.0003
12,17,0.0119
12,17,0.5
12,17,0.1537
12,17,0.8773
12,17,0.5747
12,17,0.9904
12,17,0.7634
12,18,1.0
12,18,1.0
12,18,1.0
12,18,1.0
12,18,1.0
12,18,0.0073
12,18,0.0
12,18,0.3036
12,18,0.0843
12,18,0.1662
12,18,0.0365
12,18,0.0016
12,18,0.6494
12,18,0.2983
12,18,0.4119
12,18,0.9991
12,18,1.0
12,18,1.0
12,18,1.0
12,18,0.9878
13,1,0.0
13,1,0.0
13,1,0.0
13,1,0.0
13,1,1.0
13,1,0.0
13,1,0.0
13,1,0.0
13,1,0.0
13,1,0.0
13,1,0.0
13,1,0.0
13,1,0.0
13,1,0.0
13,1,0.0
13,1,0.0
13,1,0.0
13,1,0.0
13,1,0.0
13,1,0.0
13,2,1.0
13,2,1.0
13,2,1.0
13,2,1.0
13,2,1.0
13,2,0.0
13,2,0.0
13,2,0.004
13,2,0.0
13,2,0.0006
13,2,0.0027
13,2,0.0
13,2,1.0
13,2,1.0
13,2,0.0395
13,2,0.0
13,2,0.0
13,2,0.0
13,2,0.0
13,2,0.0
13,3,1.0
13,3,1.0
13,3,1.0
13,3,1.0
13,3,1.0
13,3,0.0011
13,3,0.0
13,3,0.0026
13,3,0.0215
13,3,0.3582
13,3,0.0
13,3,0.0
13,3,0.0
13,3,0.0
13,3,0.0
13,3,0.0
13,3,0.0
13,3,0.0
13,3,0.0
13,3,0.0
13,4,1.0
13,4,1.0
13,4,1.0
13,4,1.0
13,4,1.0
13,4,0.0016
13,4,0.0
13,4,0.2383
13,4,0.0008
13,4,0.0973
13,4,0.0
13,4,0.0
13,4,0.0
13,4,0.0
13,4,0.0
13,4,0.0003
13,4,0.0
13,4,0.0002
13,4,0.0
13,4,0.0
13,5,0.0
13,5,0.0
13,5,0.0002
13,5,0.0007
13,5,1.0
13,5,0.0941
13,5,0.0
13,5,0.0001
13,5,0.03
13,5,0.2319
13,5,0.0
13,5,0.0
13,5,0.0
13,5,0.0003
13,5,0.0164
13,5,0.0
13,5,0.0
13,5,0.0
13,5,0.0
13,5,0.0
13,6,1.0
13,6,1.0
13,6,1.0
13,6,1.0
13,6,1.0
13,6,0.9799
13,6,1.0
13,6,1.0
13,6,0.9999
13,6,1.0
13,6,0.446
13,6,0.6681
13,6,0.1678
13,6,0.7558
13,6,0.9519
13,6,0.0
13,6,0.0
13,6,0.0
13,6,0.0
13,6,0.0
13,7,1.0
13,7,1.0
13,7,1.0
13,7,1.0
13,7,1.0
13,7,1.0
13,7,1.0
13,7,0.9998
13,7,0.9955
13,7,1.0
13,7,0.0924
13,7,0.096
13,7,0.3518
13,7,0.6146
13,7,0.8042
13,7,0.0
13,7,0.0
13,7,0.0
13,7,0.0
13,7,0.0
13,8,1.0
13,8,1.0
13,8,1.0
13,8,1.0
13,8,1.0
13,8,1.0
13,8,1.0
13,8,1.0
13,8,1.0
13,8,1.0
13,8,0.7084
13,8,0.9993
13,8,0.9675
13,8,0.9281
13,8,0.5
13,8,0.0524
13,8,0.0
13,8,0.0
13,8,0.0
13,8,0.0
13,9,0.9179
13,9,1.0
13,9,0.9231
13,9,0.9917
13,9,1.0
13,9,1.0
13,9,1.0
13,9,1.0
13,9,0.9994
13,9,1.0
13,9,0.4427
13,9,0.9975
13,9,0.849
13,9,0.6611
13,9,0.9981
13,9,0.0
13,9,0.0
13,9,0.0
13,9,0.0
13,9,0.0885
13,10,1.0
13,10,1.0
13,10,1.0
13,10,1.0
13,10,1.0
13,10,0.9928
13,10,1.0
13,10,0.9
13,10,0.8597
13,10,1.0
13,10,0.9967
13,10,1.0
13,10,0.9902
13,10,0.9952
13,10,0.9962
13,10,0.0
13,10,0.0
13,10,0.0
13,10,0.0003
13,10,0.1215
13,11,1.0
13,11,1.0
13,11,1.0
13,11,1.0
13,11,1.0
13,11,0.9977
13,11,1.0
13,11,0.9993
13,11,0.9981
13,11,0.9951
13,11,0.0556
13,11,0.5133
13,11,0.6009
13,11,0.5551
13,11,0.9878
13,11,0.0
13,11,0.0
13,11,0.0
13,11,0.0
13,11,0.0
13,12,1.0
13,12,1.0
13,12,1.0
13,12,1.0
13,12,1.0
13,12,1.0
13,12,1.0
13,12,1.0
13,12,1.0
13,12,1.0
13,12,0.9995
13,12,1.0
13,12,1.0
13,12,0.9986
13,12,0.9999
13,12,0.0
13,12,0.0
13,12,0.0
13,12,0.0
13,12,0.004
13,13,1.0
13,13,1.0
13,13,1.0
13,13,1.0
13,13,1.0
13,13,1.0
13,13,1.0
13,13,1.0
13,13,1.0
13,13,1.0
13,13,1.0
13,13,1.0
13,13,1.0
13,13,1.0
13,13,1.0
13,13,1.0
13,13,1.0
13,13,1.0
13,13,1.0
13,13,1.0
13,14,0.8853
13,14,1.0
13,14,0.72
13,14,0.8837
13,14,1.0
13,14,0.0284
13,14,1.0
13,14,0.9997
13,14,0.9961
13,14,1.0
13,14,0.3389
13,14,0.0
13,14,0.0002
13,14,0.0001
13,14,0.0147
13,14,0.0
13,14,0.0
13,14,0.0
13,14,0.0
13,14,0.0023
13,15,1.0
13,15,1.0
13,15,1.0
13,15,1.0
13,15,1.0
13,15,1.0
13,15,1.0
13,15,0.6641
13,15,0.9368
13,15,0.7338
13,15,0.9931
13,15,0.8356
13,15,0.0232
13,15,0.9405
13,15,0.5551
13,15,0.0
13,15,0.0
13,15,0.0
13,15,0.0
13,15,0.0135
13,16,1.0
13,16,1.0
13,16,1.0
13,16,1.0
13,16,1.0
13,16,0.3638
13,16,0.0002
13,16,0.2285
13,16,0.124
13,16,0.2319
13,16,0.3746
13,16,0.9997
13,16,0.9994
13,16,0.86
13,16,0.6445
13,16,0.9995
13,16,1.0
13,16,1.0
13,16,1.0
13,16,0.9871
13,17,1.0
13,17,1.0
13,17,1.0
13,17,1.0
13,17,1.0
13,17,0.9928
13,17,1.0
13,17,0.7865
13,17,0.9593
13,17,1.0
13,17,0.6673
13,17,1.0
13,17,0.7441
13,17,0.7159
13,17,0.9998
13,17,0.0
13,17,0.0
13,17,0.0
13,17,0.0002
13,17,0.0129
13,18,0.8595
13,18,1.0
13,18,1.0
13,18,0.9999
13,18,1.0
13,18,0.9987
13,18,1.0
13,18,1.0
13,18,0.9998
13,18,1.0
13,18,0.9179
13,18,1.0
13,18,1.0
13,18,0.9974
13,18,0.9998
13,18,0.0019
13,18,0.0157
13,18,0.9324
13,18,0.6321
13,18,0.1553
14,1,0.0
14,1,0.0
14,1,0.0
14,1,0.0
14,1,0.0
14,1,0.0
14,1,0.0
14,1,0.0
14,1,0.0
14,1,0.0
14,1,0.0
14,1,0.0
14,1,0.0
14,1,0.0
14,1,0.0
14,1,0.0
14,1,0.0
14,1,0.0002
14,1,0.0001
14,1,0.0
14,2,1.0
14,2,1.0
14,2,1.0
14,2,1.0
14,2,1.0
14,2,0.0103
14,2,0.0
14,2,0.0
14,2,0.0
14,2,0.0
14,2,0.015
14,2,0.9743
14,2,1.0
14,2,1.0
14,2,0.7243
14,2,0.5
14,2,0.5179
14,2,0.9937
14,2,0.5927
14,2,0.0133
14,3,1.0
14,3,1.0
14,3,1.0
14,3,1.0
14,3,1.0
14,3,0.1003
14,3,0.0
14,3,0.0
14,3,0.0
14,3,0.0
14,3,0.0
14,3,0.0
14,3,0.0
14,3,0.0728
14,3,0.0
14,3,0.7077
14,3,0.0013
14,3,0.895
14,3,0.3388
14,3,0.0001
14,4,1.0
14,4,1.0
14,4,1.0
14,4,1.0
14,4,1.0
14,4,0.1375
14,4,0.0
14,4,0.0
14,4,0.0
14,4,0.0
14,4,0.0003
14,4,0.0
14,4,0.3177
14,4,0.3127
14,4,0.0198
14,4,0.9997
14,4,1.0
14,4,1.0
14,4,0.99
14,4,0.0158
14,5,0.0
14,5,0.0
14,5,0.0001
14,5,0.0
14,5,0.0
14,5,0.7787
14,5,0.0
14,5,0.0
14,5,0.0
14,5,0.0
14,5,0.0
14,5,0.0
14,5,0.1642
14,5,0.6506
14,5,0.5573
14,5,0.0207
14,5,0.0
14,5,0.212
14,5,0.1431
14,5,0.0
14,6,1.0
14,6,1.0
14,6,1.0
14,6,1.0
14,6,1.0
14,6,1.0
14,6,1.0
14,6,0.7709
14,6,0.8853
14,6,0.2983
14,6,0.6706
14,6,1.0
14,6,0.9937
14,6,1.0
14,6,1.0
14,6,0.2517
14,6,0.0058
14,6,0.8666
14,6,0.5841
14,6,0.0121
14,7,1.0
14,7,1.0
14,7,1.0
14,7,1.0
14,7,1.0
14,7,1.0
14,7,1.0
14,7,0.6445
14,7,0.5612
14,7,0.5722
14,7,0.1908
14,7,1.0
14,7,0.9985
14,7,1.0
14,7,0.999
14,7,0.1796
14,7,0.0
14,7,0.5
14,7,0.2024
14,7,0.0007
14,8,1.0
14,8,1.0
14,8,1.0
14,8,1.0
14,8,1.0
14,8,1.0
14,8,1.0
14,8,0.9915
14,8,0.9996
14,8,0.8365
14,8,0.8688
14,8,1.0
14,8,1.0
14,8,1.0
14,8,0.9818
14,8,1.0
14,8,1.0
14,8,1.0
14,8,0.999
14,8,0.0427
14,9,0.655
14,9,0.9825
14,9,0.8853
14,9,0.8923
14,9,0.5927
14,9,1.0
14,9,1.0
14,9,0.7566
14,9,0.8256
14,9,0.4253
14,9,0.678
14,9,1.0
14,9,1.0
14,9,1.0
14,9,1.0
14,9,0.345
14,9,1.0
14,9,0.9755
14,9,0.997
14,9,0.9693
14,10,1.0
14,10,1.0
14,10,1.0
14,10,1.0
14,10,1.0
14,10,1.0
14,10,0.5142
14,10,0.0158
14,10,0.0494
14,10,0.1002
14,10,0.9996
14,10,1.0
14,10,1.0
14,10,1.0
14,10,1.0
14,10,0.9919
14,10,1.0
14,10,1.0
14,10,1.0
14,10,0.9853
14,11,1.0
14,11,1.0
14,11,1.0
14,11,1.0
14,11,1.0
14,11,1.0
14,11,0.9995
14,11,0.3679
14,11,0.7388
14,11,0.01
14,11,0.111
14,11,1.0
14,11,1.0
14,11,1.0
14,11,1.0
14,11,0.9252
14,11,0.9434
14,11,0.9682
14,11,0.8463
14,11,0.0539
14,12,1.0
14,12,1.0
14,12,1.0
14,12,1.0
14,12,1.0
14,12,1.0
14,12,1.0
14,12,0.9987
14,12,0.9974
14,12,0.9608
14,12,1.0
14,12,1.0
14,12,1.0
14,12,1.0
14,12,1.0
14,12,0.9867
14,12,1.0
14,12,0.9964
14,12,0.9988
14,12,0.6358
14,13,0.1958
14,13,0.0
14,13,0.3854
14,13,0.1856
14,13,1.0
14,13,0.984
14,13,0.0
14,13,0.0009
14,13,0.0088
14,13,0.0
14,13,0.7558
14,13,1.0
14,13,0.9999
14,13,1.0
14,13,0.9934
14,13,1.0
14,13,1.0
14,13,1.0
14,13,1.0
14,13,0.9992
14,14,1.0
14,14,1.0
14,14,1.0
14,14,1.0
14,14,1.0
14,14,1.0
14,14,1.0
14,14,1.0
14,14,1.0
14,14,1.0
14,14,1.0
14,14,1.0
14,14,1.0
14,14,1.0
14,14,1.0
14,14,1.0
14,14,1.0
14,14,1.0
14,14,1.0
14,14,1.0
14,15,1.0
14,15,1.0
14,15,1.0
14,15,1.0
14,15,1.0
14,15,1.0
14,15,0.0272
14,15,0.0005
14,15,0.1456
14,15,0.0
14,15,0.9992
14,15,1.0
14,15,0.9381
14,15,1.0
14,15,0.9863
14,15,0.9887
14,15,1.0
14,15,0.9682
14,15,0.9997
14,15,0.7443
14,16,1.0
14,16,1.0
14,16,1.0
14,16,1.0
14,16,1.0
14,16,0.9615
14,16,0.0
14,16,0.0
14,16,0.0001
14,16,0.0
14,16,0.6081
14,16,1.0
14,16,1.0
14,16,1.0
14,16,0.9953
14,16,1.0
14,16,1.0
14,16,1.0
14,16,1.0
14,16,1.0
14,17,1.0
14,17,1.0
14,17,1.0
14,17,1.0
14,17,1.0
14,17,1.0
14,17,0.9729
14,17,0.0017
14,17,0.2307
14,17,0.8463
14,17,0.8438
14,17,1.0
14,17,0.9999
14,17,1.0
14,17,1.0
14,17,0.8204
14,17,1.0
14,17,0.9978
14,17,1.0
14,17,0.7975
14,18,0.5
14,18,1.0
14,18,1.0
14,18,0.997
14,18,0.9673
14,18,1.0
14,18,1.0
14,18,0.9827
14,18,0.8785
14,18,0.7383
14,18,0.973
14,18,1.0
14,18,1.0
14,18,1.0
14,18,1.0
14,18,1.0
14,18,1.0
14,18,1.0
14,18,1.0
14,18,0.9932
15,1,1.0
15,1,1.0
15,1,1.0
15,1,1.0
15,1,1.0
15,1,0.0
15,1,0.0
15,1,0.0
15,1,0.0
15,1,0.0
15,1,0.0
15,1,0.0
15,1,0.0
15,1,0.0
15,1,0.0
15,1,0.0
15,1,0.0
15,1,0.0
15,1,0.0
15,1,0.0
15,2,1.0
15,2,1.0
15,2,1.0
15,2,1.0
15,2,1.0
15,2,0.0
15,2,0.0
15,2,0.0015
15,2,0.0
15,2,0.0
15,2,0.0
15,2,0.0
15,2,1.0
15,2,1.0
15,2,0.0492
15,2,0.0448
15,2,0.0
15,2,0.8519
15,2,0.0045
15,2,0.0081
15,3,1.0
15,3,1.0
15,3,1.0
15,3,1.0
15,3,1.0
15,3,0.0
15,3,0.0
15,3,0.0005
15,3,0.0011
15,3,0.2141
15,3,0.0
15,3,0.0
15,3,0.0
15,3,0.0
15,3,0.0
15,3,0.14
15,3,0.0
15,3,0.4225
15,3,0.0007
15,3,0.0001
15,4,1.0
15,4,1.0
15,4,1.0
15,4,1.0
15,4,1.0
15,4,0.0
15,4,0.0
15,4,0.1712
15,4,0.0
15,4,0.024
15,4,0.0
15,4,0.0
15,4,0.0403
15,4,0.0
15,4,0.0
15,4,0.978
15,4,0.9996
15,4,1.0
15,4,0.4439
15,4,0.004
15,5,1.0
15,5,1.0
15,5,1.0
15,5,1.0
15,5,1.0
15,5,0.0
15,5,0.0
15,5,0.0
15,5,0.0009
15,5,0.0845
15,5,0.0
15,5,0.0
15,5,0.0067
15,5,0.0
15,5,0.024
15,5,0.0001
15,5,0.0
15,5,0.0173
15,5,0.0001
15,5,0.0
15,6,1.0
15,6,1.0
15,6,1.0
15,6,1.0
15,6,1.0
15,6,0.01
15,6,1.0
15,6,0.9999
15,6,0.9853
15,6,1.0
15,6,0.0113
15,6,0.3058
15,6,0.8698
15,6,0.2204
15,6,0.9368
15,6,0.0063
15,6,0.0
15,6,0.2786
15,6,0.0019
15,6,0.0057
15,7,1.0
15,7,1.0
15,7,1.0
15,7,1.0
15,7,1.0
15,7,0.4278
15,7,1.0
15,7,0.9998
15,7,0.9033
15,7,1.0
15,7,0.0003
15,7,0.0131
15,7,0.9592
15,7,0.1215
15,7,0.7558
15,7,0.0041
15,7,0.0
15,7,0.0384
15,7,0.0001
15,7,0.0003
15,8,1.0
15,8,1.0
15,8,1.0
15,8,1.0
15,8,1.0
15,8,0.9978
15,8,1.0
15,8,1.0
15,8,1.0
15,8,1.0
15,8,0.0631
15,8,0.9865
15,8,0.9999
15,8,0.5
15,8,0.5
15,8,0.9997
15,8,1.0
15,8,0.9997
15,8,0.7338
15,8,0.0182
15,9,1.0
15,9,1.0
15,9,1.0
15,9,1.0
15,9,1.0
15,9,0.345
15,9,1.0
15,9,0.9999
15,9,0.9881
15,9,1.0
15,9,0.0045
15,9,0.9681
15,9,0.9994
15,9,0.151
15,9,0.9887
15,9,0.0121
15,9,0.0665
15,9,0.5806
15,9,0.3506
15,9,0.8659
15,10,1.0
15,10,1.0
15,10,1.0
15,10,1.0
15,10,1.0
15,10,0.0214
15,10,0.9781
15,10,0.8688
15,10,0.3679
15,10,0.9996
15,10,0.779
15,10,1.0
15,10,0.9999
15,10,0.8853
15,10,0.9953
15,10,0.7294
15,10,1.0
15,10,0.997
15,10,0.9564
15,10,0.9622
15,11,1.0
15,11,1.0
15,11,1.0
15,11,1.0
15,11,1.0
15,11,0.0877
15,11,1.0
15,11,0.999
15,11,0.967
15,11,0.9865
15,11,0.0
15,11,0.1822
15,11,0.9907
15,11,0.092
15,11,0.9756
15,11,0.3642
15,11,0.0
15,11,0.5747
15,11,0.0288
15,11,0.0365
15,12,1.0
15,12,1.0
15,12,1.0
15,12,1.0
15,12,1.0
15,12,0.9713
15,12,1.0
15,12,1.0
15,12,1.0
15,12,1.0
15,12,0.9157
15,12,1.0
15,12,1.0
15,12,0.9506
15,12,0.9999
15,12,0.5
15,12,0.2823
15,12,0.8684
15,12,0.221
15,12,0.4321
15,13,1.0
15,13,1.0
15,13,1.0
15,13,1.0
15,13,1.0
15,13,0.0
15,13,0.0
15,13,0.4439
15,13,0.1058
15,13,0.354
15,13,0.0168
15,13,0.1816
15,13,0.9876
15,13,0.1013
15,13,0.5551
15,13,1.0
15,13,1.0
15,13,1.0
15,13,1.0
15,13,0.9937
15,14,1.0
15,14,1.0
15,14,1.0
15,14,1.0
15,14,1.0
15,14,0.0
15,14,0.9769
15,14,0.9999
15,14,0.9129
15,14,1.0
15,14,0.0025
15,14,0.0
15,14,0.1
15,14,0.0
15,14,0.0259
15,14,0.032
15,14,0.0
15,14,0.0835
15,14,0.0012
15,14,0.3714
15,15,1.0
15,15,1.0
15,15,1.0
15,15,1.0
15,15,1.0
15,15,1.0
15,15,1.0
15,15,1.0
15,15,1.0
15,15,1.0
15,15,1.0
15,15,1.0
15,15,1.0
15,15,1.0
15,15,1.0
15,15,1.0
15,15,1.0
15,15,1.0
15,15,1.0
15,15,1.0
15,16,1.0
15,16,1.0
15,16,1.0
15,16,1.0
15,16,1.0
15,16,0.0
15,16,0.0
15,16,0.1446
15,16,0.0043
15,16,0.1073
15,16,0.0058
15,16,0.992
15,16,1.0
15,16,0.3417
15,16,0.6146
15,16,1.0
15,16,1.0
15,16,1.0
15,16,1.0
15,16,1.0
15,17,1.0
15,17,1.0
15,17,1.0
15,17,1.0
15,17,1.0
15,17,0.0288
15,17,1.0
15,17,0.705
15,17,0.7142
15,17,1.0
15,17,0.0442
15,17,0.999
15,17,0.9957
15,17,0.1684
15,17,0.9998
15,17,0.105
15,17,0.7307
15,17,0.8463
15,17,0.8998
15,17,0.6494
15,18,1.0
15,18,1.0
15,18,1.0
15,18,1.0
15,18,1.0
15,18,0.1405
15,18,1.0
15,18,1.0
15,18,0.9943
15,18,1.0
15,18,0.2088
15,18,1.0
15,18,1.0
15,18,0.7852
15,18,0.999
15,18,0.9987
15,18,1.0
15,18,1.0
15,18,1.0
15,18,0.9635
16,1,1.0
16,1,1.0
16,1,1.0
16,1,1.0
16,1,1.0
16,1,0.0
16,1,0.0
16,1,0.0
16,1,0.0
16,1,0.0
16,1,0.0
16,1,0.0
16,1,0.0
16,1,0.0
16,1,0.0
16,1,0.0
16,1,0.0
16,1,0.0
16,1,0.0
16,1,0.0
16,2,1.0
16,2,1.0
16,2,1.0
16,2,1.0
16,2,1.0
16,2,0.0001
16,2,0.0
16,2,0.0182
16,2,0.0048
16,2,0.0093
16,2,0.0092
16,2,0.0
16,2,1.0
16,2,1.0
16,2,0.0352
16,2,0.0
16,2,0.0
16,2,0.0
16,2,0.0
16,2,0.0
16,3,1.0
16,3,1.0
16,3,1.0
16,3,1.0
16,3,1.0
16,3,0.0018
16,3,0.0
16,3,0.0268
16,3,0.2807
16,3,0.68
16,3,0.0
16,3,0.0
16,3,0.0
16,3,0.0
16,3,0.0
16,3,0.0
16,3,0.0
16,3,0.0
16,3,0.0
16,3,0.0
16,4,1.0
16,4,1.0
16,4,1.0
16,4,1.0
16,4,1.0
16,4,0.0022
16,4,0.0
16,4,0.5489
16,4,0.0222
16,4,0.3101
16,4,0.0003
16,4,0.0
16,4,0.0
16,4,0.0
16,4,0.0
16,4,0.0
16,4,0.0
16,4,0.0
16,4,0.0
16,4,0.0
16,5,1.0
16,5,1.0
16,5,1.0
16,5,1.0
16,5,1.0
16,5,0.2048
16,5,0.0
16,5,0.0004
16,5,0.3177
16,5,0.5489
16,5,0.0
16,5,0.0
16,5,0.0
16,5,0.0
16,5,0.015
16,5,0.0
16,5,0.0
16,5,0.0
16,5,0.0
16,5,0.0
16,6,1.0
16,6,1.0
16,6,1.0
16,6,1.0
16,6,1.0
16,6,0.994
16,6,1.0
16,6,1.0
16,6,1.0
16,6,1.0
16,6,0.6026
16,6,0.0021
16,6,0.0001
16,6,0.4449
16,6,0.9414
16,6,0.0
16,6,0.0
16,6,0.0
16,6,0.0
16,6,0.0
16,7,1.0
16,7,1.0
16,7,1.0
16,7,1.0
16,7,1.0
16,7,1.0
16,7,1.0
16,7,1.0
16,7,1.0
16,7,1.0
16,7,0.1871
16,7,0.0
16,7,0.0006
16,7,0.28
16,7,0.7502
16,7,0.0
16,7,0.0
16,7,0.0
16,7,0.0
16,7,0.0
16,8,1.0
16,8,1.0
16,8,1.0
16,8,1.0
16,8,1.0
16,8,1.0
16,8,1.0
16,8,1.0
16,8,1.0
16,8,1.0
16,8,0.8296
16,8,0.458
16,8,0.1456
16,8,0.7336
16,8,0.4449
16,8,0.0
16,8,0.0
16,8,0.0
16,8,0.0
16,8,0.0
16,9,1.0
16,9,1.0
16,9,1.0
16,9,1.0
16,9,1.0
16,9,1.0
16,9,1.0
16,9,1.0
16,9,1.0
16,9,1.0
16,9,0.6009
16,9,0.2984
16,9,0.0168
16,9,0.3359
16,9,0.99
16,9,0.0
16,9,0.0
16,9,0.0
16,9,0.0
16,9,0.0018
16,10,1.0
16,10,1.0
16,10,1.0
16,10,1.0
16,10,1.0
16,10,0.9989
16,10,1.0
16,10,0.985
16,10,0.9897
16,10,1.0
16,10,0.9984
16,10,1.0
16,10,0.2148
16,10,0.9443
16,10,0.9943
16,10,0.0
16,10,0.0
16,10,0.0
16,10,0.0
16,10,0.0034
16,11,1.0
16,11,1.0
16,11,1.0
16,11,1.0
16,11,1.0
16,11,0.9999
16,11,1.0
16,11,1.0
16,11,1.0
16,11,0.9998
16,11,0.092
16,11,0.0006
16,11,0.0055
16,11,0.2595
16,11,0.9734
16,11,0.0
16,11,0.0
16,11,0.0
16,11,0.0
16,11,0.0
16,12,1.0
16,12,1.0
16,12,1.0
16,12,1.0
16,12,1.0
16,12,1.0
16,12,1.0
16,12,1.0
16,12,1.0
16,12,1.0
16,12,0.9999
16,12,1.0
16,12,0.9186
16,12,0.973
16,12,0.9999
16,12,0.0
16,12,0.0
16,12,0.0
16,12,0.0
16,12,0.0
16,13,1.0
16,13,1.0
16,13,1.0
16,13,1.0
16,13,1.0
16,13,0.7193
16,13,0.9998
16,13,0.8395
16,13,0.9173
16,13,0.8358
16,13,0.7388
16,13,0.0004
16,13,0.0018
16,13,0.2204
16,13,0.5
16,13,0.0017
16,13,0.0
16,13,0.0
16,13,0.0
16,13,0.027
16,14,1.0
16,14,1.0
16,14,1.0
16,14,1.0
16,14,1.0
16,14,0.065
16,14,1.0
16,14,1.0
16,14,1.0
16,14,1.0
16,14,0.5
16,14,0.0
16,14,0.0
16,14,0.0
16,14,0.0106
16,14,0.0
16,14,0.0
16,14,0.0
16,14,0.0
16,14,0.0
16,15,1.0
16,15,1.0
16,15,1.0
16,15,1.0
16,15,1.0
16,15,1.0
16,15,1.0
16,15,0.9076
16,15,0.9981
16,15,0.932
16,15,0.9978
16,15,0.0096
16,15,0.0
16,15,0.7517
16,15,0.5
16,15,0.0
16,15,0.0
16,15,0.0
16,15,0.0
16,15,0.0
16,16,1.0
16,16,1.0
16,16,1.0
16,16,1.0
16,16,1.0
16,16,1.0
16,16,1.0
16,16,1.0
16,16,1.0
16,16,1.0
16,16,1.0
16,16,1.0
16,16,1.0
16,16,1.0
16,16,1.0
16,16,1.0
16,16,1.0
16,16,1.0
16,16,1.0
16,16,1.0
16,17,1.0
16,17,1.0
16,17,1.0
16,17,1.0
16,17,1.0
16,17,0.9991
16,17,1.0
16,17,0.951
16,17,0.9987
16,17,1.0
16,17,0.7906
16,17,0.7725
16,17,0.0182
16,17,0.3899
16,17,0.9997
16,17,0.0
16,17,0.0
16,17,0.0
16,17,0.0
16,17,0.0001
16,18,1.0
16,18,1.0
16,18,1.0
16,18,1.0
16,18,1.0
16,18,1.0
16,18,1.0
16,18,1.0
16,18,1.0
16,18,1.0
16,18,0.9638
16,18,1.0
16,18,0.9564
16,18,0.9283
16,18,0.9998
16,18,0.0
16,18,0.0
16,18,0.0057
16,18,0.0
16,18,0.0038
17,1,1.0
17,1,1.0
17,1,1.0
17,1,1.0
17,1,1.0
17,1,0.0
17,1,0.0
17,1,0.0
17,1,0.0
17,1,0.0
17,1,0.0
17,1,0.0
17,1,0.0
17,1,0.0
17,1,0.0
17,1,0.0
17,1,0.0
17,1,0.0
17,1,0.0
17,1,0.0
17,2,1.0
17,2,1.0
17,2,1.0
17,2,1.0
17,2,1.0
17,2,0.0
17,2,0.0
17,2,0.0001
17,2,0.0
17,2,0.0
17,2,0.0005
17,2,0.0
17,2,1.0
17,2,1.0
17,2,0.0
17,2,0.2923
17,2,0.0
17,2,0.655
17,2,0.0002
17,2,0.0068
17,3,1.0
17,3,1.0
17,3,1.0
17,3,1.0
17,3,1.0
17,3,0.0
17,3,0.0
17,3,0.0003
17,3,0.0004
17,3,0.0
17,3,0.0
17,3,0.0
17,3,0.0
17,3,0.0
17,3,0.0
17,3,0.5
17,3,0.0
17,3,0.1553
17,3,0.0
17,3,0.0
17,4,1.0
17,4,1.0
17,4,1.0
17,4,1.0
17,4,1.0
17,4,0.0
17,4,0.0
17,4,0.0775
17,4,0.0
17,4,0.0
17,4,0.0
17,4,0.0
17,4,0.0
17,4,0.0
17,4,0.0
17,4,0.9989
17,4,0.9982
17,4,0.9999
17,4,0.1562
17,4,0.0033
17,5,1.0
17,5,1.0
17,5,1.0
17,5,1.0
17,5,1.0
17,5,0.0001
17,5,0.0
17,5,0.0
17,5,0.0004
17,5,0.0
17,5,0.0
17,5,0.0
17,5,0.0
17,5,0.0
17,5,0.0
17,5,0.0073
17,5,0.0
17,5,0.0004
17,5,0.0
17,5,0.0
17,6,1.0
17,6,1.0
17,6,1.0
17,6,1.0
17,6,1.0
17,6,0.3854
17,6,0.9999
17,6,0.9997
17,6,0.9675
17,6,0.0925
17,6,0.3444
17,6,0.0001
17,6,0.065
17,6,0.6196
17,6,0.0551
17,6,0.105
17,6,0.0
17,6,0.061
17,6,0.0006
17,6,0.0047
17,7,1.0
17,7,1.0
17,7,1.0
17,7,1.0
17,7,1.0
17,7,0.9674
17,7,1.0
17,7,0.9987
17,7,0.86
17,7,0.2617
17,7,0.046
17,7,0.0
17,7,0.1704
17,7,0.4402
17,7,0.0026
17,7,0.0758
17,7,0.0
17,7,0.0022
17,7,0.0
17,7,0.0002
17,8,1.0
17,8,1.0
17,8,1.0
17,8,1.0
17,8,1.0
17,8,1.0
17,8,1.0
17,8,1.0
17,8,1.0
17,8,0.5841
17,8,0.6146
17,8,0.2048
17,8,0.9129
17,8,0.8544
17,8,0.0005
17,8,1.0
17,8,1.0
17,8,0.9997
17,8,0.5482
17,8,0.015
17,9,1.0
17,9,1.0
17,9,1.0
17,9,1.0
17,9,1.0
17,9,0.9646
17,9,1.0
17,9,0.9998
17,9,0.9825
17,9,0.1189
17,9,0.3359
17,9,0.1068
17,9,0.6583
17,9,0.5
17,9,0.1885
17,9,0.1635
17,9,0.0206
17,9,0.221
17,9,0.1148
17,9,0.8256
17,10,1.0
17,10,1.0
17,10,1.0
17,10,1.0
17,10,1.0
17,10,0.5679
17,10,0.0299
17,10,0.7646
17,10,0.2612
17,10,0.0145
17,10,0.9942
17,10,1.0
17,10,0.9332
17,10,0.9959
17,10,0.221
17,10,0.9693
17,10,1.0
17,10,0.9506
17,10,0.7976
17,10,0.932
17,11,1.0
17,11,1.0
17,11,1.0
17,11,1.0
17,11,1.0
17,11,0.7566
17,11,0.9221
17,11,0.9923
17,11,0.9414
17,11,0.0004
17,11,0.029
17,11,0.0
17,11,0.3877
17,11,0.383
17,11,0.0669
17,11,0.8115
17,11,0.0
17,11,0.221
17,11,0.0035
17,11,0.0235
17,12,1.0
17,12,1.0
17,12,1.0
17,12,1.0
17,12,1.0
17,12,0.9997
17,12,1.0
17,12,1.0
17,12,0.9999
17,12,0.8204
17,12,0.9986
17,12,1.0
17,12,0.9999
17,12,0.9953
17,12,0.6612
17,12,0.9242
17,12,0.1391
17,12,0.5747
17,12,0.0318
17,12,0.3601
17,13,1.0
17,13,1.0
17,13,1.0
17,13,1.0
17,13,1.0
17,13,0.015
17,13,0.0
17,13,0.2983
17,13,0.0704
17,13,0.0
17,13,0.4427
17,13,0.0
17,13,0.347
17,13,0.3877
17,13,0.0008
17,13,1.0
17,13,1.0
17,13,1.0
17,13,0.9999
17,13,0.9943
17,14,1.0
17,14,1.0
17,14,1.0
17,14,1.0
17,14,1.0
17,14,0.0
17,14,0.0319
17,14,0.9995
17,14,0.849
17,14,0.2706
17,14,0.2354
17,14,0.0
17,14,0.0002
17,14,0.0
17,14,0.0
17,14,0.3238
17,14,0.0
17,14,0.0085
17,14,0.0
17,14,0.3089
17,15,1.0
17,15,1.0
17,15,1.0
17,15,1.0
17,15,1.0
17,15,0.9878
17,15,0.0001
17,15,0.3939
17,15,0.4253
17,15,0.0
17,15,0.9782
17,15,0.0012
17,15,0.0085
17,15,0.9002
17,15,0.0008
17,15,0.9534
17,15,0.2953
17,15,0.2706
17,15,0.1808
17,15,0.5
17,16,1.0
17,16,1.0
17,16,1.0
17,16,1.0
17,16,1.0
17,16,0.0023
17,16,0.0
17,16,0.0809
17,16,0.003
17,16,0.0
17,16,0.295
17,16,0.2495
17,16,0.9912
17,16,0.7121
17,16,0.0009
17,16,1.0
17,16,1.0
17,16,1.0
17,16,1.0
17,16,0.9999
17,17,1.0
17,17,1.0
17,17,1.0
17,17,1.0
17,17,1.0
17,17,1.0
17,17,1.0
17,17,1.0
17,17,1.0
17,17,1.0
17,17,1.0
17,17,1.0
17,17,1.0
17,17,1.0
17,17,1.0
17,17,1.0
17,17,1.0
17,17,1.0
17,17,1.0
17,17,1.0
17,18,1.0
17,18,1.0
17,18,1.0
17,18,1.0
17,18,1.0
17,18,0.8316
17,18,1.0
17,18,1.0
17,18,0.9856
17,18,0.4073
17,18,0.8659
17,18,1.0
17,18,0.9999
17,18,0.9765
17,18,0.5
17,18,1.0
17,18,1.0
17,18,1.0
17,18,1.0
17,18,0.9506
18,1,0.0
18,1,0.0
18,1,0.0
18,1,0.0
18,1,0.0
18,1,0.0
18,1,0.0
18,1,0.0
18,1,0.0
18,1,0.0
18,1,0.0
18,1,0.0
18,1,0.0
18,1,0.0
18,1,0.0
18,1,0.0
18,1,0.0
18,1,0.0
18,1,0.0
18,1,0.0
18,2,1.0
18,2,1.0
18,2,1.0
18,2,1.0
18,2,1.0
18,2,0.0
18,2,0.0
18,2,0.0
18,2,0.0
18,2,0.0
18,2,0.0001
18,2,0.0
18,2,1.0
18,2,1.0
18,2,0.0
18,2,0.0
18,2,0.0
18,2,0.0
18,2,0.0
18,2,0.0
18,3,1.0
18,3,1.0
18,3,1.0
18,3,1.0
18,3,1.0
18,3,0.0
18,3,0.0
18,3,0.0
18,3,0.0
18,3,0.0
18,3,0.0
18,3,0.0
18,3,0.0
18,3,0.0
18,3,0.0
18,3,0.0
18,3,0.0
18,3,0.0
18,3,0.0
18,3,0.0
18,4,1.0
18,4,1.0
18,4,1.0
18,4,1.0
18,4,1.0
18,4,0.0
18,4,0.0
18,4,0.0
18,4,0.0
18,4,0.0
18,4,0.0
18,4,0.0
18,4,0.0
18,4,0.0
18,4,0.0
18,4,0.2916
18,4,0.0
18,4,0.0
18,4,0.0
18,4,0.0002
18,5,0.0
18,5,0.0
18,5,0.0
18,5,0.0
18,5,0.0
18,5,0.0
18,5,0.0
18,5,0.0
18,5,0.0
18,5,0.0
18,5,0.0
18,5,0.0
18,5,0.0
18,5,0.0
18,5,0.0
18,5,0.0
18,5,0.0
18,5,0.0
18,5,0.0
18,5,0.0
18,6,1.0
18,6,1.0
18,6,1.0
18,6,1.0
18,6,1.0
18,6,0.1215
18,6,0.0002
18,6,0.1725
18,6,0.5679
18,6,0.1635
18,6,0.092
18,6,0.0
18,6,0.0
18,6,0.0821
18,6,0.061
18,6,0.0
18,6,0.0
18,6,0.0
18,6,0.0
18,6,0.0001
18,7,1.0
18,7,1.0
18,7,1.0
18,7,1.0
18,7,1.0
18,7,0.8595
18,7,0.0279
18,7,0.0843
18,7,0.1808
18,7,0.4159
18,7,0.0092
18,7,0.0
18,7,0.0
18,7,0.0235
18,7,0.0053
18,7,0.0
18,7,0.0
18,7,0.0
18,7,0.0
18,7,0.0
18,8,1.0
18,8,1.0
18,8,1.0
18,8,1.0
18,8,1.0
18,8,1.0
18,8,1.0
18,8,0.6682
18,8,0.9978
18,8,0.7142
18,8,0.2841
18,8,0.0
18,8,0.0057
18,8,0.2664
18,8,0.0014
18,8,0.8898
18,8,0.0
18,8,0.0
18,8,0.0
18,8,0.0002
18,9,0.7566
18,9,0.0
18,9,0.0026
18,9,0.0539
18,9,0.1133
18,9,0.8115
18,9,0.1141
18,9,0.1537
18,9,0.5
18,9,0.2517
18,9,0.0871
18,9,0.0
18,9,0.0008
18,9,0.0481
18,9,0.221
18,9,0.0
18,9,0.0
18,9,0.0
18,9,0.0
18,9,0.3294
18,10,1.0
18,10,1.0
18,10,1.0
18,10,1.0
18,10,1.0
18,10,0.2366
18,10,0.0
18,10,0.0
18,10,0.0023
18,10,0.0262
18,10,0.9459
18,10,0.1323
18,10,0.0144
18,10,0.6962
18,10,0.2706
18,10,0.0066
18,10,0.0
18,10,0.0
18,10,0.0004
18,10,0.4278
18,11,1.0
18,11,1.0
18,11,1.0
18,11,1.0
18,11,1.0
18,11,0.434
18,11,0.0
18,11,0.0251
18,11,0.3506
18,11,0.0038
18,11,0.0015
18,11,0.0
18,11,0.0
18,11,0.0297
18,11,0.1325
18,11,0.0003
18,11,0.0
18,11,0.0
18,11,0.0
18,11,0.0001
18,12,1.0
18,12,1.0
18,12,1.0
18,12,1.0
18,12,1.0
18,12,0.998
18,12,1.0
18,12,0.8491
18,12,0.9622
18,12,0.9283
18,12,0.9832
18,12,0.9988
18,12,0.5
18,12,0.8115
18,12,0.7483
18,12,0.0023
18,12,0.0
18,12,0.0
18,12,0.0
18,12,0.0288
18,13,0.2366
18,13,0.0
18,13,0.0001
18,13,0.0002
18,13,1.0
18,13,0.0031
18,13,0.0
18,13,0.0
18,13,0.0006
18,13,0.0
18,13,0.14
18,13,0.0
18,13,0.0
18,13,0.0081
18,13,0.0007
18,13,0.9993
18,13,0.9866
18,13,0.1163
18,13,0.5
18,13,0.9123
18,14,0.6494
18,14,0.0
18,14,0.0002
18,14,0.0083
18,14,0.1133
18,14,0.0
18,14,0.0
18,14,0.0466
18,14,0.2025
18,14,0.4159
18,14,0.0519
18,14,0.0
18,14,0.0
18,14,0.0
18,14,0.0
18,14,0.0
18,14,0.0
18,14,0.0
18,14,0.0
18,14,0.0175
18,15,1.0
18,15,1.0
18,15,1.0
18,15,1.0
18,15,1.0
18,15,0.9252
18,15,0.0
18,15,0.0
18,15,0.0144
18,15,0.0
18,15,0.8721
18,15,0.0
18,15,0.0
18,15,0.3179
18,15,0.0027
18,15,0.0033
18,15,0.0
18,15,0.0
18,15,0.0
18,15,0.0717
18,16,1.0
18,16,1.0
18,16,1.0
18,16,1.0
18,16,1.0
18,16,0.0002
18,16,0.0
18,16,0.0
18,16,0.0
18,16,0.0
18,16,0.0676
18,16,0.0
18,16,0.0925
18,16,0.1279
18,16,0.0007
18,16,1.0
18,16,1.0
18,16,0.9977
18,16,1.0
18,16,0.9984
18,17,1.0
18,17,1.0
18,17,1.0
18,17,1.0
18,17,1.0
18,17,0.2612
18,17,0.0
18,17,0.0
18,17,0.0326
18,17,0.7597
18,17,0.2148
18,17,0.0
18,17,0.0003
18,17,0.0494
18,17,0.6682
18,17,0.0
18,17,0.0
18,17,0.0
18,17,0.0001
18,17,0.0939
18,18,1.0
18,18,1.0
18,18,1.0
18,18,1.0
18,18,1.0
18,18,1.0
18,18,1.0
18,18,1.0
18,18,1.0
18,18,1.0
18,18,1.0
18,18,1.0
18,18,1.0
18,18,1.0
18,18,1.0
18,18,1.0
18,18,1.0
18,18,1.0
18,18,1.0
18,18,1.0
