dataset,action,llm,?A1=A2,?A1=A3+A4,?A1>A3,?A1>A4,?A3∅A4,?A4=A1|3,?A1=A1*,?A1=A1**,?A1*=A1**,J(A1-A2),J(A1-A34),J(A3-A4),J(A4-A1|3),J(A1-A1*),J(A1-A1**),J(A1*-A1**),?SC(A1=A2),?SC(A1>A3),?SC(A1>A4),?SC(A3∅A4),?SC(A4=A1|3),idk_A1,idk_A2,idk_A3,idk_A4,?A1=A1(ave),J_A1_ave,idk
lc-quad,classification,deepseek-chat,0.9,0.84,1.0,0.9133,0.58,0.4733,0.44,0.4133,0.44,0.9437,0.9205,0.4136,0.5471,0.6532,0.6185,0.6179,0.8933,0.1,,,0.52,0.0,0.0,0.0,0.0,0.4311,0.6299,0.0
lc-quad,classification,deepseek-reasoner,0.6333,0.5933,1.0,0.6933,0.8133,0.4867,0.34,0.2533,0.2667,0.6676,0.7521,0.1663,0.5834,0.5584,0.5024,0.503,0.6533,0.92,,,0.54,0.0,0.0,0.0,0.0,0.2867,0.5213,0.0
lc-quad,classification,gemini-2.0-flash,0.9267,0.8,1.0,0.9467,0.8267,0.6667,0.3067,0.3,0.3,0.9631,0.9319,0.1028,0.8089,0.6074,0.5533,0.5822,0.9067,0.44,,,0.4267,0.0,0.0,0.0,0.0,0.3022,0.581,0.0
lc-quad,classification,gemini-2.5-flash,0.9067,0.94,1.0,0.9533,0.9267,0.8933,0.2267,0.2333,0.2467,0.9517,0.9573,0.0706,0.8778,0.5995,0.5652,0.5749,0.9,0.9467,,,0.8933,0.0,0.0,0.0,0.0,0.2356,0.5799,0.0
lc-quad,classification,gemini-2.5-pro,0.94,0.9,1.0,0.9667,0.9533,0.8667,0.3067,0.3,0.3333,0.9747,0.971,0.0467,0.9275,0.6358,0.653,0.6654,0.98,0.9867,,,0.8733,0.0,0.0,0.0,0.0,0.3133,0.6514,0.0
lc-quad,classification,gpt-4.1-2025-04-14,0.9267,0.88,1.0,0.98,0.9,0.7867,0.22,0.22,0.26,0.9728,0.9751,0.0941,0.8781,0.5262,0.5489,0.5743,0.92,0.9867,,,0.7867,0.0,0.0,0.0,0.0,0.2333,0.5498,0.0
lc-quad,classification,gpt-4.1-mini-2025-04-14,0.88,0.8867,1.0,0.96,0.76,0.6467,0.3,0.2667,0.3,0.9439,0.9571,0.24,0.7256,0.5445,0.4839,0.4966,0.8933,0.3467,,,0.6533,0.0,0.0,0.0,0.0,0.2889,0.5083,0.0
lc-quad,classification,gpt-4.1-nano-2025-04-14,0.9867,0.5133,1.0,0.5133,0.4267,0.0,0.9733,0.9467,0.9533,0.99,0.7011,0.5733,0.0,0.9767,0.9533,0.9567,0.72,0.1933,,,1.0,0.0,0.0,0.0,0.0,0.9578,0.9622,0.0
lc-quad,classification,gpt-4o,0.9867,0.9733,1.0,0.9933,0.1933,0.1667,0.6867,0.7,0.7933,0.9867,0.9945,0.7964,0.1887,0.7525,0.7624,0.8349,0.96,0.3667,,,0.7533,0.0,0.0,0.0,0.0,0.7267,0.7833,0.0
lc-quad,classification,gpt-5,0.9533,0.8533,1.0,0.94,0.72,0.5933,0.4867,0.4867,0.5133,0.9791,0.9101,0.28,0.6785,0.6941,0.647,0.7032,0.9333,0.9867,,,0.5933,0.0,0.0,0.0,0.0,0.4956,0.6814,0.0
lc-quad,classification,gpt-5-mini,0.8867,0.68,1.0,0.78,0.5733,0.2667,0.6467,0.64,0.6333,0.9149,0.783,0.4267,0.3677,0.7471,0.7569,0.7631,0.8467,0.96,,,0.2733,0.0,0.0,0.0,0.0,0.64,0.7557,0.0
lc-quad,classification,gpt-5-nano,0.7933,0.7067,1.0,0.78,0.18,0.0067,0.0733,0.64,0.0733,0.7933,0.7768,0.82,0.08,0.0778,0.64,0.0733,0.84,0.8533,,,0.0867,0.0,0.0,0.0,0.0,0.2622,0.2637,0.0
lc-quad,classification,gpt-oss:20b,0.6933,0.46,1.0,0.7467,0.86,0.3467,0.2067,0.2267,0.22,0.7865,0.7544,0.1127,0.6272,0.4128,0.4186,0.4039,0.6867,0.8933,,,0.3867,0.0,0.0,0.0,0.0,0.2178,0.4118,0.0
lc-quad,classification,grok-3-mini,0.9467,0.82,1.0,0.9067,0.8333,0.68,0.2933,0.2867,0.3133,0.9723,0.9395,0.1601,0.7737,0.5847,0.5748,0.5916,0.92,0.94,,,0.7,0.0,0.0,0.0,0.0,0.2978,0.5837,0.0
lc-quad,classification,llama3.1:70b,0.78,0.6267,1.0,0.8867,0.9467,0.6133,0.1667,0.1267,0.1267,0.899,0.897,0.0242,0.8313,0.4143,0.3793,0.3859,0.8,0.0467,,,0.5533,0.0,0.0,0.0,0.0,0.14,0.3932,0.0
lc-quad,classification,llama3.1:8b,0.1067,0.0733,1.0,0.2667,0.6667,0.02,0.0133,0.0133,0.0133,0.5162,0.4449,0.1021,0.342,0.2071,0.1868,0.1681,0.8533,0.2,,,0.9067,0.0,0.0,0.0,0.0,0.0133,0.1873,0.0
lc-quad,classification,mistral-small:24b,0.8333,0.5267,1.0,0.7867,0.8067,0.38,0.2933,0.2067,0.24,0.9206,0.811,0.1662,0.6194,0.5354,0.4164,0.454,0.8733,0.0,,,0.6067,0.0,0.0,0.0,0.0,0.2467,0.4686,0.0
lc-quad,classification,o3,0.8,0.82,1.0,0.92,0.92,0.7533,0.24,0.2933,0.26,0.9221,0.9227,0.0736,0.8414,0.5203,0.6088,0.5457,0.8267,0.96,,,0.7533,0.0,0.0,0.0,0.0,0.2644,0.5583,0.0
lc-quad,fixing,deepseek-chat,0.7533,0.6733,0.86,0.92,0.9133,0.5867,0.48,0.5,0.5067,0.8787,0.9023,0.0774,0.7921,0.7292,0.7391,0.7598,,,,,,0.0,0.0,0.0,0.0,0.4956,0.7427,0.0
lc-quad,fixing,deepseek-reasoner,0.7467,0.7333,0.8867,0.92,0.9533,0.7,0.2533,0.2133,0.2067,0.8629,0.8984,0.0357,0.8266,0.5087,0.4976,0.5011,,,,,,0.0,0.0,0.0,0.0,0.2244,0.5025,0.0
lc-quad,fixing,gemini-2.0-flash,0.78,0.7467,0.8,0.9133,0.96,0.7267,0.74,0.7533,0.7067,0.8033,0.905,0.0207,0.8501,0.8415,0.8587,0.8225,,,,,,0.0,0.0,0.0,0.0,0.7333,0.8409,0.0
lc-quad,fixing,gemini-2.5-flash,0.9333,0.8933,0.9333,0.92,0.9533,0.8667,0.6133,0.5867,0.6133,0.9594,0.9124,0.0422,0.8381,0.7125,0.7154,0.7205,,,,,,0.0,0.0,0.0,0.0,0.6044,0.7161,0.0
lc-quad,fixing,gemini-2.5-pro,0.8467,0.8533,0.8733,0.96,0.98,0.84,0.46,0.5,0.4733,0.9129,0.9283,0.02,0.8819,0.7211,0.7348,0.7272,,,,,,0.0,0.0,0.0,0.0,0.4778,0.7277,0.0
lc-quad,fixing,gpt-4.1-2025-04-14,0.7467,0.7467,0.9067,0.9333,0.9467,0.72,0.2667,0.3,0.28,0.8879,0.912,0.0262,0.8538,0.5491,0.564,0.5545,,,,,,0.0,0.0,0.0,0.0,0.2822,0.5559,0.0
lc-quad,fixing,gpt-4.1-mini-2025-04-14,0.7133,0.6867,0.8733,0.9267,0.8733,0.6467,0.2,0.2067,0.2267,0.8546,0.8392,0.095,0.7683,0.4791,0.4949,0.4897,,,,,,0.0,0.0,0.0,0.0,0.2111,0.4879,0.0
lc-quad,fixing,gpt-4.1-nano-2025-04-14,0.4,0.2467,0.5467,0.5733,0.66,0.2,0.1533,0.14,0.1733,0.5398,0.479,0.2178,0.3423,0.2979,0.2723,0.2998,,,,,,0.0,0.0,0.0,0.0,0.1555,0.29,0.0
lc-quad,fixing,gpt-4o,0.8067,0.78,0.88,0.9333,0.6133,0.4267,0.5,0.5333,0.4933,0.8748,0.8765,0.3746,0.5192,0.6382,0.6597,0.6358,,,,,,0.0,0.0,0.0,0.0,0.5089,0.6446,0.0
lc-quad,fixing,gpt-5,0.9133,0.8133,0.9,0.9733,0.8333,0.6467,0.58,0.6333,0.58,0.9735,0.883,0.1667,0.7202,0.7525,0.7685,0.7207,,,,,,0.0,0.0,0.0,0.0,0.5978,0.7472,0.0
lc-quad,fixing,gpt-5-mini,0.8933,0.74,0.9067,0.94,0.64,0.4067,0.7,0.7,0.7133,0.9251,0.839,0.36,0.4909,0.7767,0.7796,0.8016,,,,,,0.0,0.0,0.0,0.0,0.7044,0.786,0.0
lc-quad,fixing,gpt-5-nano,0.8533,0.76,0.82,0.96,0.6733,0.4467,0.68,0.6333,0.6467,0.9023,0.8544,0.3157,0.4926,0.767,0.7298,0.7442,,,,,,0.0,0.0,0.0,0.0,0.6533,0.747,0.0
lc-quad,fixing,gpt-oss:20b,0.5,0.6133,0.7933,0.94,0.9133,0.5533,0.1733,0.22,0.18,0.6872,0.8242,0.0785,0.7085,0.3697,0.4278,0.3827,,,,,,0.0,0.0,0.0,0.0,0.1911,0.3934,0.0
lc-quad,fixing,grok-3-mini,0.8867,0.8733,0.94,0.98,0.9333,0.8067,0.3333,0.3467,0.3533,0.9336,0.9399,0.0604,0.7685,0.5558,0.5593,0.588,,,,,,0.0,0.0,0.0,0.0,0.3444,0.5677,0.0
lc-quad,fixing,llama3.1:70b,0.5933,0.44,0.6933,0.8133,0.9133,0.4133,0.1533,0.14,0.1533,0.7596,0.7712,0.0517,0.7427,0.3918,0.3958,0.3976,,,,,,0.0,0.0,0.0,0.0,0.1489,0.3951,0.0
lc-quad,fixing,llama3.1:8b,0.0867,0.0067,0.0867,0.0733,0.6267,0.0,0.0,0.0067,0.0067,0.3944,0.2869,0.1198,0.2028,0.0965,0.0989,0.1014,,,,,,0.0,0.0,0.0,0.0,0.0045,0.0989,0.0
lc-quad,fixing,mistral-small:24b,0.68,0.5333,0.7267,0.8933,0.9733,0.52,0.48,0.5,0.52,0.8081,0.7404,0.001,0.6622,0.7423,0.7325,0.7523,,,,,,0.0,0.0,0.0,0.0,0.5,0.7424,0.0
lc-quad,fixing,o3,0.6733,0.7733,0.9267,0.9867,0.96,0.7333,0.2933,0.26,0.3333,0.8884,0.929,0.04,0.8766,0.5632,0.5703,0.5964,,,,,,0.0,0.0,0.0,0.0,0.2955,0.5766,0.0
lc-quad,wikidata,gpt-4o,0.9533,0.92,0.92,0.9667,0.0533,0.0,,,,0.9533,0.9394,0.9467,0.0467,,,,,,,,,0.0,0.0,0.0,0.0,,,0.0
lc-quad,wikidata,gpt-5,0.6733,0.4667,0.64,0.7133,0.7,0.1933,,,,0.7893,0.6819,0.2877,0.4572,,,,,,,,,0.0,0.0,0.0,0.0,,,0.0
lc-quad,wikidata,gpt-5-mini,0.7667,0.58,0.72,0.74,0.4467,0.0933,,,,0.8307,0.702,0.546,0.2584,,,,,,,,,0.0,0.0,0.0,0.0,,,0.0
lc-quad,wikidata,gpt-5-nano,0.78,0.5267,0.6933,0.7067,0.52,0.1,,,,0.8245,0.6741,0.4602,0.2878,,,,,,,,,0.0,0.0,0.0,0.0,,,0.0
lc-quad,wikidata,gpt-oss:20b,0.24,0.0933,0.34,0.34,0.8867,0.0533,,,,0.4095,0.3328,0.0662,0.2254,,,,,,,,,0.0,0.0,0.0,0.0,,,0.0
lc-quad,wikidata,grok-3-mini,0.2733,0.2,0.5133,0.3467,0.84,0.1467,,,,0.5194,0.4673,0.0737,0.327,,,,,,,,,0.0,0.0,0.0,0.0,,,0.0
lc-quad,wikidata,llama3.1:70b,0.14,0.0533,0.2533,0.1933,0.68,0.0133,,,,0.41,0.3445,0.1099,0.1966,,,,,,,,,0.0,0.0,0.0,0.0,,,0.0
lc-quad,wikidata,llama3.1:8b,0.02,0.0,0.0667,0.0467,0.72,0.0,,,,0.187,0.1578,0.0542,0.1014,,,,,,,,,0.0,0.0,0.0,0.0,,,0.0
lc-quad,wikidata,mistral-small:24b,0.7067,0.5533,0.6667,0.6533,0.3,0.0067,,,,0.7522,0.6522,0.6651,0.0935,,,,,,,,,0.0,0.0,0.0,0.0,,,0.0
lc-quad,wikidata,o3,0.3716,0.2365,0.4932,0.3986,0.9392,0.2027,,,,0.688,0.5561,0.0411,0.4925,,,,,,,,,0.0,0.0,0.0,0.0,,,0.0
lc-quad,zero-shot,deepseek-chat,0.3067,0.1533,0.4267,0.3133,0.4933,0.0267,0.2933,,,0.6052,0.4907,0.2258,0.2695,0.5791,,,0.3533,0.5333,0.6,0.48,0.1467,0.0,0.0,0.0,0.0,0.2933,0.5791,0.0
lc-quad,zero-shot,deepseek-reasoner,0.14,0.1067,0.38,0.2733,0.8467,0.0733,,,,0.4685,0.3981,0.0442,0.3015,,,,0.2133,0.4,0.2933,0.8133,0.1533,0.0,0.0,0.0,0.0,,,0.0
lc-quad,zero-shot,gemini-2.0-flash,0.2467,0.0933,0.4133,0.3133,0.6733,0.06,0.76,,,0.509,0.3803,0.1009,0.2628,0.8442,,,0.2667,0.48,0.6267,0.66,0.1933,0.0,0.0,0.0,0.0,0.76,0.8442,0.0
lc-quad,zero-shot,gemini-2.5-flash,0.2867,0.16,0.4933,0.3067,0.8667,0.1467,0.6133,,,0.5481,0.4593,0.0298,0.3537,0.7357,,,0.3533,0.5067,0.3133,0.8267,0.1733,0.0,0.0,0.0,0.0,0.6133,0.7357,0.0
lc-quad,zero-shot,gemini-2.5-pro,0.2533,0.18,0.4133,0.3667,0.8533,0.1533,0.4333,,,0.5979,0.514,0.0312,0.4218,0.7142,,,0.3,0.42,0.3333,0.8467,0.1867,0.0,0.0,0.0,0.0,0.4333,0.7142,0.0
lc-quad,zero-shot,gpt-4.1-2025-04-14,0.2333,0.0867,0.4067,0.26,0.6867,0.0533,0.2933,,,0.5419,0.4394,0.0984,0.2864,0.5757,,,0.2667,0.4133,0.44,0.6933,0.0533,0.0,0.0,0.0,0.0,0.2933,0.5757,0.0
lc-quad,zero-shot,gpt-4.1-mini-2025-04-14,0.1867,0.06,0.3733,0.2667,0.68,0.0133,0.1867,,,0.4394,0.3421,0.1168,0.2017,0.4444,,,0.24,0.56,0.5867,0.66,0.0667,0.0,0.0,0.0,0.0,0.1867,0.4444,0.0
lc-quad,zero-shot,gpt-4.1-nano-2025-04-14,0.1733,0.1067,0.38,0.2867,0.7067,0.0333,0.2,,,0.3114,0.2265,0.1607,0.1,0.3427,,,0.3733,0.5267,0.58,0.4133,0.9667,0.0,0.0,0.0,0.0,0.2,0.3427,0.0
lc-quad,zero-shot,gpt-4o,0.44,0.26,0.52,0.4733,0.5333,0.0133,0.36,,,0.6187,0.4988,0.3804,0.2028,0.5555,,,0.4333,0.4733,0.5333,0.5467,0.38,0.0,0.0,0.0,0.0,0.36,0.5555,0.0
lc-quad,zero-shot,gpt-5,0.56,0.3,0.5533,0.54,0.7867,0.1133,0.58,,,0.7582,0.5917,0.2034,0.4184,0.7491,,,0.5733,0.5467,0.5333,0.8067,0.16,0.0,0.0,0.0,0.0,0.58,0.7491,0.0
lc-quad,zero-shot,gpt-5-mini,0.6533,0.48,0.6467,0.6733,0.5533,0.1,0.7,,,0.73,0.6549,0.4391,0.3377,0.7941,,,0.6333,0.6333,0.6667,0.58,0.16,0.0,0.0,0.0,0.0,0.7,0.7941,0.0
lc-quad,zero-shot,gpt-5-nano,0.62,0.4333,0.6333,0.6133,0.5733,0.0933,,,,0.7115,0.5984,0.4037,0.271,,,,0.62,0.5933,0.6267,0.6,0.1733,0.0,0.0,0.0,0.0,,,0.0
lc-quad,zero-shot,gpt-oss:20b,0.1533,0.1133,0.28,0.3,0.86,0.0733,0.1667,,,0.3506,0.3063,0.0836,0.2214,0.3863,,,0.1667,0.3067,0.3067,0.8667,0.14,0.0,0.0,0.0,0.0,0.1667,0.3863,0.0
lc-quad,zero-shot,grok-3-mini,0.2733,0.1933,0.44,0.3533,0.8533,0.16,,,,0.5752,0.467,0.0794,0.3606,,,,0.3,0.44,0.3733,0.8467,0.1933,0.0,0.0,0.0,0.0,,,0.0
lc-quad,zero-shot,llama3.1:70b,0.1133,0.0533,0.2533,0.1933,0.7333,0.0067,,,,0.395,0.2995,0.0883,0.1857,,,,0.1333,0.7467,0.6733,0.7333,0.02,0.0,0.0,0.0,0.0,,,0.0
lc-quad,zero-shot,llama3.1:8b,0.0133,0.0,0.0067,0.0,0.9,0.0,0.0133,,,0.1069,0.0815,0.0159,0.0439,0.136,,,0.9533,0.8667,0.9133,0.2667,0.9733,0.0,0.0,0.0,0.0,0.0133,0.136,0.0
lc-quad,zero-shot,mistral-small:24b,0.4067,0.2467,0.4733,0.4333,0.5067,0.0,0.5133,,,0.6003,0.5157,0.3847,0.1668,0.6873,,,0.42,0.5267,0.5667,0.5,0.9267,0.0,0.0,0.0,0.0,0.5133,0.6873,0.0
lc-quad,zero-shot,o3,0.3067,0.1533,0.4867,0.28,0.9,0.1,0.2467,,,0.5648,0.4852,0.0538,0.3614,0.5535,,,0.32,0.4667,0.28,0.88,0.16,0.0,0.0,0.0,0.0,0.2467,0.5535,0.0
qawiki,classification,deepseek-chat,0.98,0.8467,0.9,0.9333,0.56,0.4533,0.5133,0.5133,0.5133,0.9925,0.9582,0.4117,0.5403,0.6638,0.6377,0.6588,,,,,,0.0,0.0,0.0,0.0,0.5133,0.6534,0.0
qawiki,classification,deepseek-reasoner,0.7267,0.8533,0.9133,0.8933,0.4533,0.3733,0.3867,0.4,0.5267,0.7919,0.902,0.5433,0.4137,0.55,0.5602,0.6708,,,,,,0.0,0.0,0.0,0.0,0.4378,0.5937,0.0
qawiki,classification,gemini-2.0-flash,0.8667,0.8867,1.0,0.9533,0.3533,0.2933,0.4667,0.4333,0.3733,0.9471,0.9502,0.5642,0.3982,0.6483,0.6061,0.5276,0.8733,0.3733,,,0.2933,0.0,0.0,0.0,0.0,0.4244,0.594,0.0
qawiki,classification,gemini-2.5-flash,0.8933,0.9467,1.0,0.98,0.8267,0.7733,0.26,0.3267,0.2467,0.9404,0.9787,0.1678,0.7438,0.5754,0.5794,0.5702,0.8333,0.953,,,0.8,0.0,0.0,0.0,0.0,0.2778,0.575,0.0
qawiki,classification,gemini-2.5-pro,0.9,0.72,1.0,0.8467,0.88,0.62,0.3,0.2333,0.28,0.9486,0.8374,0.11,0.7094,0.5939,0.499,0.5359,0.9533,0.9733,,,0.6733,0.0,0.0,0.0,0.0,0.2711,0.5429,0.0
qawiki,classification,gpt-4.1-2025-04-14,0.92,0.8867,0.4667,0.98,0.7933,0.68,0.2667,0.2667,0.2867,0.9874,0.9681,0.2003,0.7671,0.5831,0.569,0.5555,0.9133,0.4667,,,0.6867,0.0,0.0,0.0,0.0,0.2734,0.5692,0.0
qawiki,classification,gpt-4.1-mini-2025-04-14,0.9067,0.8733,0.4267,0.9533,0.6667,0.5467,0.3267,0.3733,0.3333,0.9635,0.9346,0.3269,0.6176,0.5754,0.5618,0.5564,0.9333,0.56,,,0.52,0.0,0.0,0.0,0.0,0.3444,0.5645,0.0
qawiki,classification,gpt-4.1-nano-2025-04-14,0.9667,0.54,0.68,0.54,0.3867,0.0,0.94,0.9533,0.9333,0.9667,0.6912,0.6075,0.0,0.94,0.9533,0.9333,0.62,0.3733,,,1.0,0.0,0.0,0.0,0.0,0.9422,0.9422,0.0
qawiki,classification,gpt-4o,0.98,0.94,1.0,0.9933,0.2867,0.2333,0.74,0.1067,0.14,0.2828,0.9686,0.707,0.2698,0.1983,0.1767,0.2078,0.9867,,,,0.7544,0.0,0.0,0.0,0.0,0.3289,0.1943,0.0
qawiki,classification,gpt-5,0.9133,0.9267,1.0,0.9733,0.52,0.4467,0.5267,0.6067,0.6067,0.9636,0.9644,0.48,0.4733,0.7286,0.7324,0.746,0.88,0.98,,,0.48,0.0,0.0,0.0,0.0,0.58,0.7357,0.0
qawiki,classification,gpt-5-mini,0.86,0.66,1.0,0.78,0.6267,0.32,0.52,0.5267,0.5133,0.9295,0.7907,0.3733,0.4344,0.6695,0.6549,0.6581,0.8267,0.9733,,,0.3733,0.0,0.0,0.0,0.0,0.52,0.6608,0.0
qawiki,classification,gpt-5-nano,0.7867,0.7067,1.0,0.7733,0.16,0.0067,0.08,0.5467,0.0667,0.7893,0.7687,0.8356,0.0694,0.08,0.5467,0.0667,0.7667,0.9267,,,0.06,0.0,0.0,0.0,0.0,0.2311,0.2311,0.0
qawiki,classification,gpt-oss:20b,0.7133,0.5467,1.0,0.7267,0.7867,0.3667,0.2933,0.2333,0.2667,0.8163,0.7847,0.1779,0.5467,0.4965,0.4492,0.4766,0.66,0.8733,,,0.4133,0.0,0.0,0.0,0.0,0.2644,0.4741,0.0
qawiki,classification,grok-3-mini,0.8867,0.7667,1.0,0.8867,0.8,0.58,0.3467,0.38,0.34,0.966,0.9123,0.1934,0.7055,0.5385,0.5576,0.5358,0.9333,0.9533,,,0.6,0.0,0.0,0.0,0.0,0.3556,0.544,0.0
qawiki,classification,llama3.1:70b,0.8067,0.4733,1.0,0.8267,0.9333,0.4667,0.1467,0.0933,0.1333,0.9067,0.7929,0.0377,0.7731,0.4186,0.3589,0.395,0.8133,0.0467,,,0.46,0.0,0.0,0.0,0.0,0.1244,0.3908,0.0
qawiki,classification,llama3.1:8b,0.1133,0.1,1.0,0.3533,0.68,0.06,0.0133,0.0067,0.0133,0.4828,0.4791,0.1024,0.385,0.2243,0.1549,0.1793,0.88,0.1067,,,0.82,0.0,0.0,0.0,0.0,0.0111,0.1862,0.0
qawiki,classification,mistral-small:24b,0.8533,0.66,1.0,0.8667,0.6933,0.4067,0.3733,0.2333,0.24,0.9396,0.8434,0.2837,0.5736,0.5789,0.4543,0.4658,0.9067,0.0,,,0.5667,0.0,0.0,0.0,0.0,0.2822,0.4997,0.0
qawiki,classification,o3,0.7667,0.74,1.0,0.8733,0.86,0.6133,0.2867,0.2733,0.3067,0.9033,0.8855,0.1241,0.7496,0.5253,0.5431,0.5611,0.8267,0.9733,,,0.6667,0.0,0.0,0.0,0.0,0.2889,0.5432,0.0
qawiki,fixing,deepseek-chat,0.7933,0.7133,0.8867,0.94,0.9467,0.6933,0.38,0.42,0.38,0.8925,0.8845,0.0312,0.7526,0.5727,0.5964,0.5797,,,,,,0.0,0.0,0.0,0.0,0.3933,0.5829,0.0
qawiki,fixing,deepseek-reasoner,0.5867,0.52,0.68,0.8133,0.9067,0.48,0.1,0.1133,0.0933,0.7372,0.7351,0.0802,0.7272,0.3148,0.2896,0.2818,,,,,,0.0,0.0,0.0,0.0,0.1022,0.2954,0.0
qawiki,fixing,gemini-2.0-flash,0.7533,0.6467,0.8067,0.8867,0.9467,0.6333,0.7333,0.7533,0.7267,0.803,0.8483,0.0193,0.8033,0.8361,0.8383,0.8408,,,,,,0.0,0.0,0.0,0.0,0.7378,0.8384,0.0
qawiki,fixing,gemini-2.5-flash,0.86,0.8867,0.8867,0.9667,0.9267,0.8133,0.68,0.6533,0.6133,0.8998,0.9033,0.073,0.7792,0.7605,0.7503,0.7192,,,,,,0.0,0.0,0.0,0.0,0.6489,0.7433,0.0
qawiki,fixing,gemini-2.5-pro,0.76,0.5933,0.74,0.8667,0.98,0.58,0.4467,0.4533,0.42,0.8519,0.757,0.02,0.7066,0.6166,0.623,0.5838,,,,,,0.0,0.0,0.0,0.0,0.44,0.6078,0.0
qawiki,fixing,gpt-4.1-2025-04-14,0.76,0.7467,0.8667,0.9533,0.8933,0.6667,0.5,0.4933,0.4867,0.9013,0.9098,0.0874,0.7795,0.7944,0.789,0.7863,,,,,,0.0,0.0,0.0,0.0,0.4933,0.7899,0.0
qawiki,fixing,gpt-4.1-mini-2025-04-14,0.7267,0.68,0.8333,0.98,0.8867,0.6,0.3867,0.3733,0.4133,0.869,0.8699,0.0686,0.7808,0.729,0.7245,0.721,,,,,,0.0,0.0,0.0,0.0,0.3911,0.7248,0.0
qawiki,fixing,gpt-4.1-nano-2025-04-14,0.4733,0.1733,0.56,0.4267,0.6267,0.1267,0.4867,0.5,0.54,0.5857,0.3823,0.2356,0.2938,0.6356,0.6437,0.6641,,,,,,0.0,0.0,0.0,0.0,0.5089,0.6478,0.0
qawiki,fixing,gpt-4o,0.8389,0.7919,0.9195,0.9329,0.9195,0.745,0.5034,0.5369,0.5168,0.5966,0.5783,0.0576,0.5036,0.3555,0.3689,0.3506,,,,,,0.0,0.0,0.0,0.0,0.519,0.3583,0.0
qawiki,fixing,gpt-5,0.8933,0.8933,0.9533,0.9867,0.62,0.5133,0.7067,0.7067,0.6867,0.9418,0.9191,0.38,0.4667,0.822,0.8343,0.8067,,,,,,0.0,0.0,0.0,0.0,0.7,0.821,0.0
qawiki,fixing,gpt-5-mini,0.86,0.84,0.9533,0.9733,0.7067,0.56,0.7333,0.7667,0.7267,0.8897,0.9187,0.2933,0.4163,0.8109,0.839,0.8203,,,,,,0.0,0.0,0.0,0.0,0.7422,0.8234,0.0
qawiki,fixing,gpt-5-nano,0.7533,0.7067,0.8067,0.96,0.7267,0.44,0.6333,0.6533,0.5933,0.8314,0.8437,0.2669,0.4701,0.7281,0.7279,0.7132,,,,,,0.0,0.0,0.0,0.0,0.6266,0.7231,0.0
qawiki,fixing,grok-3-mini,0.8533,0.8,0.92,0.9867,0.9333,0.74,0.3867,0.32,0.38,0.9231,0.934,0.0635,0.7428,0.5878,0.5636,0.5961,,,,,,0.0,0.0,0.0,0.0,0.3622,0.5825,0.0
qawiki,fixing,llama3.1:70b,0.5733,0.46,0.68,0.7733,0.8933,0.4133,0.1467,0.1733,0.1467,0.7004,0.7224,0.0639,0.708,0.3565,0.3712,0.365,,,,,,0.0,0.0,0.0,0.0,0.1556,0.3642,0.0
qawiki,fixing,llama3.1:8b,0.0933,0.02,0.1467,0.12,0.66,0.0067,0.0067,0.0,0.0267,0.427,0.2836,0.0856,0.2307,0.126,0.1202,0.1375,,,,,,0.0,0.0,0.0,0.0,0.0111,0.1279,0.0
qawiki,fixing,mistral-small:24b,0.66,0.4867,0.6933,0.88,0.96,0.4733,0.58,0.5333,0.5467,0.7737,0.7488,0.0141,0.6267,0.7513,0.7381,0.7446,,,,,,0.0,0.0,0.0,0.0,0.5533,0.7447,0.0
qawiki,fixing,o3,0.7067,0.7333,0.8533,0.9,0.9667,0.7,0.38,0.4133,0.4067,0.6446,0.7051,0.0333,0.6443,0.4113,0.4086,0.4298,,,,,,0.0,0.0,0.0,0.0,0.4,0.4166,0.0
qawiki,wikidata,deepseek-chat,0.28,0.22,0.5867,0.52,0.64,0.1533,,,,0.3778,0.3321,0.1243,0.1627,,,,,,,,,0.0,0.0,0.0,0.0,,,0.0
qawiki,wikidata,gemini-2.0-flash,0.1933,0.1133,0.4133,0.4,0.6133,0.0667,,,,0.4295,0.3369,0.0967,0.2301,,,,,,,,,0.0,0.0,0.0,0.0,,,0.0
qawiki,wikidata,gemini-2.5-flash,0.3,0.1667,0.5733,0.4867,0.88,0.1667,,,,0.36,0.3279,0.0189,0.2659,,,,,,,,,0.0,0.0,0.0,0.0,,,0.0
qawiki,wikidata,gemini-2.5-pro,0.22,0.18,0.4133,0.34,0.7667,0.1667,,,,0.5128,0.4924,0.0374,0.4012,,,,,,,,,0.0,0.0,0.0,0.0,,,0.0
qawiki,wikidata,gpt-4.1-2025-04-14,0.2533,0.1267,0.4267,0.3867,0.6267,0.08,,,,0.6523,0.5158,0.0997,0.3611,,,,,,,,,0.0,0.0,0.0,0.0,,,0.0
qawiki,wikidata,gpt-4.1-mini-2025-04-14,0.22,0.06,0.2933,0.2933,0.86,0.0267,,,,0.3749,0.2322,0.0395,0.1811,,,,,,,,,0.0,0.0,0.0,0.0,,,0.0
qawiki,wikidata,gpt-4.1-nano-2025-04-14,0.3,0.06,0.3333,0.5067,0.8933,0.04,,,,0.4664,0.3423,0.0364,0.3188,,,,,,,,,0.0,0.0,0.0,0.0,,,0.0
qawiki,wikidata,gpt-4o,0.92,0.7933,0.8333,0.8733,0.16,0.0,,,,0.92,0.8317,0.835,0.08,,,,,,,,,0.0,0.0,0.0,0.0,,,0.0
qawiki,wikidata,gpt-5,0.82,0.64,0.7867,0.7667,0.5,0.1533,,,,0.8907,0.7825,0.4893,0.3086,,,,,,,,,0.0,0.0,0.0,0.0,,,0.0
qawiki,wikidata,gpt-5-mini,0.84,0.6933,0.8,0.8,0.38,0.1,,,,0.8862,0.8178,0.6102,0.2353,,,,,,,,,0.0,0.0,0.0,0.0,,,0.0
qawiki,wikidata,gpt-5-nano,0.7667,0.5933,0.7333,0.7933,0.4867,0.1067,,,,0.8253,0.7422,0.5044,0.317,,,,,,,,,0.0,0.0,0.0,0.0,,,0.0
qawiki,wikidata,gpt-oss:20b,0.2333,0.2067,0.4533,0.4533,0.8733,0.1667,,,,0.3486,0.3523,0.072,0.2691,,,,,,,,,0.0,0.0,0.0,0.0,,,0.0
qawiki,wikidata,grok-3-mini,0.2733,0.2,0.4933,0.4133,0.8933,0.18,,,,0.4787,0.4617,0.0459,0.3317,,,,,,,,,0.0,0.0,0.0,0.0,,,0.0
qawiki,wikidata,llama3.1:70b,0.14,0.04,0.1867,0.1533,0.64,0.0133,,,,0.3923,0.3238,0.1034,0.1807,,,,,,,,,0.0,0.0,0.0,0.0,,,0.0
qawiki,wikidata,llama3.1:8b,0.0267,0.0,0.0867,0.0533,0.7867,0.0,,,,0.1863,0.142,0.0607,0.0632,,,,,,,,,0.0,0.0,0.0,0.0,,,0.0
qawiki,wikidata,mistral-small:24b,0.78,0.6267,0.72,0.72,0.2733,0.0067,,,,0.858,0.7376,0.6992,0.1183,,,,,,,,,0.0,0.0,0.0,0.0,,,0.0
qawiki,wikidata,o3,0.36,0.22,0.5267,0.3467,0.86,0.1467,,,,0.605,0.5267,0.0883,0.4016,,,,,,,,,0.0,0.0,0.0,0.0,,,0.0
qawiki,zero-shot,deepseek-chat,0.2067,0.14,0.4133,0.36,0.6133,0.0533,0.1933,,,0.4224,0.3716,0.1301,0.2252,0.3938,,,0.2267,0.5267,0.5467,0.6133,0.1267,0.0,0.0,0.0,0.0,0.1933,0.3938,0.0
qawiki,zero-shot,deepseek-reasoner,0.12,0.0733,0.28,0.2,0.8267,0.0667,0.1267,,,0.3115,0.2839,0.0311,0.209,0.3199,,,0.2267,0.3,0.2067,0.8067,0.1133,0.0,0.0,0.0,0.0,0.1267,0.3199,0.0
qawiki,zero-shot,gemini-2.0-flash,0.2467,0.1267,0.3533,0.3867,0.6533,0.04,0.34,,,0.4938,0.4025,0.1247,0.2607,0.5819,,,0.2667,0.4067,0.6267,0.66,0.1867,0.0,0.0,0.0,0.0,0.34,0.5819,0.0
qawiki,zero-shot,gemini-2.5-flash,0.26,0.22,0.4533,0.3533,0.8467,0.1933,0.2667,,,0.5143,0.4571,0.0414,0.3671,0.5257,,,0.3867,0.4467,0.36,0.84,0.2267,0.0,0.0,0.0,0.0,0.2667,0.5257,0.0
qawiki,zero-shot,gemini-2.5-pro,0.2333,0.1467,0.3133,0.2933,0.78,0.14,0.2467,,,0.5595,0.4862,0.03,0.4032,0.5875,,,0.3333,0.3067,0.3067,0.7933,0.1667,0.0,0.0,0.0,0.0,0.2467,0.5875,0.0
qawiki,zero-shot,gpt-4.1-2025-04-14,0.28,0.0933,0.3933,0.3333,0.6333,0.06,0.1533,,,0.5849,0.4468,0.0915,0.318,0.432,,,0.3287,0.3986,0.5315,0.6294,0.0559,0.0,0.0,0.0,0.0,0.1533,0.432,0.0
qawiki,zero-shot,gpt-4.1-mini-2025-04-14,0.26,0.1133,0.4467,0.3533,0.56,0.04,0.1467,,,0.5869,0.4468,0.1624,0.2633,0.4197,,,0.3467,0.48,0.68,0.56,0.0533,0.0,0.0,0.0,0.0,0.1467,0.4197,0.0
qawiki,zero-shot,gpt-4.1-nano-2025-04-14,0.2333,0.0933,0.44,0.3467,0.6533,0.0267,0.16,,,0.4523,0.3773,0.1534,0.2179,0.3512,,,0.4933,0.52,0.4933,0.54,0.9733,0.0,0.0,0.0,0.0,0.16,0.3512,0.0
qawiki,zero-shot,gpt-4o,0.42,0.32,0.4867,0.4733,0.6267,0.0533,0.3333,,,0.5852,0.5242,0.2922,0.1985,0.5294,,,0.4267,0.5133,0.52,0.6267,0.4,0.0,0.0,0.0,0.0,0.3333,0.5294,0.0
qawiki,zero-shot,gpt-5,0.68,0.5667,0.7267,0.74,0.5867,0.1867,0.72,,,0.7996,0.7421,0.3908,0.3803,0.8488,,,0.6733,0.7067,0.7333,0.6133,0.24,0.0,0.0,0.0,0.0,0.72,0.8488,0.0
qawiki,zero-shot,gpt-5-mini,0.7133,0.5933,0.7267,0.7533,0.52,0.12,0.7333,,,0.7931,0.7254,0.4686,0.2931,0.8304,,,0.6733,0.7267,0.7533,0.54,0.16,0.0,0.0,0.0,0.0,0.7333,0.8304,0.0
qawiki,zero-shot,gpt-5-nano,0.56,0.48,0.66,0.6933,0.5867,0.1133,,,,0.6779,0.6599,0.3889,0.3405,,,,0.5467,0.6533,0.6467,0.5333,0.1933,0.0,0.0,0.0,0.0,,,0.0
qawiki,zero-shot,gpt-oss:20b,0.2133,0.1667,0.4,0.36,0.8467,0.08,,,,0.3916,0.3558,0.1037,0.225,,,,0.26,0.3867,0.3467,0.8133,0.1267,0.0,0.0,0.0,0.0,,,0.0
qawiki,zero-shot,grok-3-mini,0.3133,0.2333,0.4733,0.4,0.9,0.1867,,,,0.5919,0.5098,0.0644,0.371,,,,0.3933,0.4867,0.38,0.9133,0.2133,0.0,0.0,0.0,0.0,,,0.0
qawiki,zero-shot,llama3.1:70b,0.1733,0.0467,0.18,0.2,0.74,0.02,,,,0.3863,0.2803,0.0948,0.1695,,,,0.1867,0.78,0.6,0.74,0.0333,0.0,0.0,0.0,0.0,,,0.0
qawiki,zero-shot,llama3.1:8b,0.0067,0.0067,0.0467,0.02,0.8733,0.0,,,,0.1259,0.1007,0.0326,0.0491,,,,0.9533,0.8533,0.82,0.3,0.9667,0.0,0.0,0.0,0.0,,,0.0
qawiki,zero-shot,mistral-small:24b,0.4667,0.28,0.48,0.4933,0.4067,0.0,,,,0.6372,0.5151,0.4376,0.1871,,,,0.52,0.52,0.5,0.4067,0.8533,0.0,0.0,0.0,0.0,,,0.0
qawiki,zero-shot,o3,0.2733,0.16,0.44,0.2867,0.7933,0.1133,0.2667,,,0.5362,0.4401,0.1025,0.3366,0.5221,,,0.3467,0.4267,0.32,0.8,0.1867,0.0,0.0,0.0,0.0,0.2667,0.5221,0.0
spinach,classification,deepseek-chat,0.9867,0.84,0.9267,0.92,0.72,0.5867,0.5133,0.4733,0.56,0.9994,0.9646,0.2515,0.6791,0.7468,0.6856,0.7301,,,,,,0.0,0.0,0.0,0.0,0.5155,0.7208,0.0
spinach,classification,deepseek-reasoner,0.7733,0.8867,0.8933,0.9533,0.5867,0.5,0.42,0.3933,0.5267,0.8386,0.9414,0.4047,0.5648,0.5737,0.5687,0.7179,,,,,,0.0,0.0,0.0,0.0,0.4467,0.6201,0.0
spinach,classification,gemini-2.0-flash,0.8867,0.86,1.0,0.9667,0.66,0.56,0.4267,0.3733,0.3267,0.9208,0.8788,0.2541,0.5401,0.6547,0.5754,0.5565,0.8867,0.58,,,0.4857,0.0,0.0,0.0,0.0,0.3756,0.5955,0.0
spinach,classification,gemini-2.5-flash,0.9267,0.9133,1.0,0.9667,0.9,0.82,0.3667,0.3733,0.3467,0.9461,0.9416,0.0934,0.8052,0.6205,0.6056,0.624,0.8733,0.94,,,0.8,0.0,0.0,0.0,0.0,0.3622,0.6167,0.0
spinach,classification,gemini-2.5-pro,0.8,0.7667,1.0,0.88,0.92,0.7067,0.3867,0.3467,0.3067,0.8609,0.8735,0.0743,0.7962,0.6403,0.6053,0.6036,0.86,0.9262,,,0.7333,0.0,0.0,0.0,0.0,0.3467,0.6164,0.0
spinach,classification,gpt-4.1-2025-04-14,0.9267,0.8533,0.6467,0.96,0.84,0.7067,0.2667,0.2667,0.3,0.9788,0.9758,0.1376,0.8143,0.6085,0.5578,0.6019,0.94,0.64,,,0.7133,0.0,0.0,0.0,0.0,0.2778,0.5894,0.0
spinach,classification,gpt-4.1-mini-2025-04-14,0.9467,0.82,0.5733,0.9,0.7467,0.5733,0.3667,0.3867,0.4267,0.9793,0.9461,0.2379,0.6587,0.5982,0.6016,0.6552,0.9267,0.48,,,0.5867,0.0,0.0,0.0,0.0,0.3934,0.6183,0.0
spinach,classification,gpt-4.1-nano-2025-04-14,0.9733,0.5867,0.7467,0.5933,0.3733,0.0,0.9867,0.9933,0.9867,0.9733,0.7567,0.6267,0.0067,0.9867,0.9933,0.9867,0.7933,0.38,,,1.0,0.0,0.0,0.0,0.0,0.9889,0.9889,0.0
spinach,classification,gpt-4o,0.98,0.9533,0.9733,0.9867,0.4333,0.3867,0.6867,0.2133,0.28,0.4551,0.9902,0.5667,0.3985,0.3163,0.3233,0.3368,0.9667,,,,0.9239,0.0,0.0,0.0,0.0,0.3933,0.3255,0.0
spinach,classification,gpt-5,0.9333,0.86,1.0,0.9733,0.7,0.5667,0.62,0.6067,0.6133,0.9625,0.9308,0.2946,0.6592,0.7761,0.787,0.7876,0.9267,0.9867,,,0.6267,0.0,0.0,0.0,0.0,0.6133,0.7836,0.0
spinach,classification,gpt-5-mini,0.9,0.6267,1.0,0.76,0.6533,0.3,0.6467,0.6333,0.62,0.9204,0.7496,0.3467,0.4298,0.7631,0.7637,0.7533,0.8667,0.9533,,,0.3667,0.0,0.0,0.0,0.0,0.6333,0.76,0.0
spinach,classification,gpt-5-nano,0.7533,0.7,1.0,0.78,0.2067,0.0067,0.1133,0.5133,0.1,0.7567,0.7682,0.7933,0.0769,0.1208,0.5185,0.11,0.7667,0.8667,,,0.1133,0.0,0.0,0.0,0.0,0.2422,0.2498,0.0
spinach,classification,gpt-oss:20b,0.6267,0.4667,1.0,0.7,0.8467,0.3733,0.3133,0.26,0.2933,0.7483,0.7751,0.0876,0.58,0.4812,0.4713,0.4501,0.6467,0.8733,,,0.3733,0.0,0.0,0.0,0.0,0.2889,0.4675,0.0
spinach,classification,grok-3-mini,0.9,0.7467,1.0,0.8733,0.88,0.6333,0.4533,0.3867,0.4067,0.9583,0.9379,0.1106,0.77,0.6843,0.6474,0.6459,0.9067,0.9467,,,0.6733,0.0,0.0,0.0,0.0,0.4156,0.6592,0.0
spinach,classification,llama3.1:70b,0.8067,0.5933,1.0,0.86,0.94,0.5667,0.2333,0.22,0.24,0.9024,0.8631,0.0235,0.7901,0.5097,0.4861,0.5062,0.8067,0.16,,,0.58,0.0,0.0,0.0,0.0,0.2311,0.5007,0.0
spinach,classification,llama3.1:8b,0.2067,0.0533,1.0,0.3133,0.7,0.0333,0.0467,0.0333,0.0267,0.6022,0.5033,0.0949,0.3606,0.324,0.2737,0.2779,0.7533,0.1133,,,0.84,0.0,0.0,0.0,0.0,0.0356,0.2919,0.0
spinach,classification,mistral-small:24b,0.84,0.5067,1.0,0.74,0.78,0.3733,0.36,0.2467,0.3067,0.9167,0.7588,0.1898,0.5804,0.5832,0.4896,0.5246,0.8867,0.0,,,0.6267,0.0,0.0,0.0,0.0,0.3045,0.5325,0.0
spinach,classification,o3,0.8,0.78,0.5333,0.88,0.94,0.7333,0.38,0.36,0.3867,0.9275,0.878,0.0537,0.8104,0.6588,0.5964,0.6194,0.8267,0.52,,,0.76,0.0,0.0,0.0,0.0,0.3756,0.6249,0.0
spinach,fixing,deepseek-chat,0.8267,0.7467,0.8867,0.9533,0.96,0.7333,0.4667,0.46,0.5067,0.9232,0.9161,0.0239,0.7704,0.7327,0.7319,0.752,,,,,,0.0,0.0,0.0,0.0,0.4778,0.7389,0.0
spinach,fixing,deepseek-reasoner,0.6467,0.5333,0.6667,0.8467,0.8933,0.5,0.1933,0.1733,0.1667,0.8036,0.8206,0.0845,0.7548,0.4319,0.4514,0.4066,,,,,,0.0,0.0,0.0,0.0,0.1778,0.43,0.0
spinach,fixing,gemini-2.0-flash,0.7667,0.7733,0.8867,0.9133,0.9733,0.7667,0.7933,0.78,0.7467,0.8136,0.9152,0.014,0.8039,0.8713,0.8616,0.8323,,,,,,0.0,0.0,0.0,0.0,0.7733,0.8551,0.0
spinach,fixing,gemini-2.5-flash,0.8733,0.8667,0.8467,0.9667,0.9733,0.84,0.6533,0.7333,0.6667,0.9042,0.9076,0.0213,0.8107,0.7627,0.8087,0.799,,,,,,0.0,0.0,0.0,0.0,0.6844,0.7901,0.0
spinach,fixing,gemini-2.5-pro,0.8067,0.8133,0.7733,0.9733,0.98,0.8067,0.5933,0.5533,0.54,0.9041,0.9203,0.0175,0.8446,0.7701,0.7532,0.7434,,,,,,0.0,0.0,0.0,0.0,0.5622,0.7556,0.0
spinach,fixing,gpt-4.1-2025-04-14,0.9067,0.76,0.9467,0.9267,1.0,0.76,0.6333,0.6467,0.6333,0.9275,0.9078,0.0,0.8206,0.8455,0.8494,0.8417,,,,,,0.0,0.0,0.0,0.0,0.6378,0.8455,0.0
spinach,fixing,gpt-4.1-mini-2025-04-14,0.8533,0.7533,0.8867,0.98,0.9667,0.7467,0.5667,0.5733,0.5533,0.9138,0.8935,0.0165,0.7935,0.7759,0.7902,0.7916,,,,,,0.0,0.0,0.0,0.0,0.5644,0.7859,0.0
spinach,fixing,gpt-4.1-nano-2025-04-14,0.76,0.44,0.6467,0.7067,0.6133,0.3133,0.26,0.24,0.5333,0.6881,0.4969,0.1927,0.3241,0.3253,0.3042,0.5406,,,,,,0.0,0.0,0.0,0.0,0.3444,0.39,0.0
spinach,fixing,gpt-4o,0.9533,0.8067,0.9267,0.9667,0.9533,0.78,0.6133,0.5933,0.5933,0.7168,0.7235,0.0362,0.5894,0.5886,0.579,0.5889,,,,,,0.0,0.0,0.0,0.0,0.6,0.5855,0.0
spinach,fixing,gpt-5,0.94,0.84,0.94,0.9733,0.78,0.6267,0.7267,0.62,0.6533,0.9592,0.8977,0.22,0.6842,0.8527,0.7902,0.816,,,,,,0.0,0.0,0.0,0.0,0.6667,0.8196,0.0
spinach,fixing,gpt-5-mini,0.8933,0.7867,0.92,0.9333,0.7467,0.5533,0.7133,0.74,0.7067,0.9262,0.8639,0.2516,0.5143,0.7875,0.8356,0.8049,,,,,,0.0,0.0,0.0,0.0,0.72,0.8093,0.0
spinach,fixing,gpt-5-nano,0.8533,0.7467,0.8533,0.9867,0.8067,0.5533,0.6333,0.6533,0.6133,0.9005,0.8363,0.1806,0.5846,0.7468,0.8044,0.7705,,,,,,0.0,0.0,0.0,0.0,0.6333,0.7739,0.0
spinach,fixing,grok-3-mini,0.8933,0.8533,0.9133,0.98,0.9867,0.84,0.4067,0.4667,0.4267,0.9354,0.9374,0.0133,0.7327,0.6547,0.7053,0.6644,,,,,,0.0,0.0,0.0,0.0,0.4334,0.6748,0.0
spinach,fixing,llama3.1:70b,0.5933,0.5467,0.7267,0.8267,0.9667,0.54,0.2533,0.2667,0.24,0.7508,0.8176,0.0107,0.7583,0.5101,0.5157,0.5142,,,,,,0.0,0.0,0.0,0.0,0.2533,0.5133,0.0
spinach,fixing,llama3.1:8b,0.12,0.04,0.1733,0.1267,0.56,0.0267,0.02,0.0133,0.02,0.4342,0.3653,0.1351,0.2416,0.1657,0.1654,0.1914,,,,,,0.0,0.0,0.0,0.0,0.0178,0.1742,0.0
spinach,fixing,mistral-small:24b,0.7867,0.5,0.7267,0.8733,0.9467,0.48,0.5,0.54,0.52,0.8546,0.718,0.0254,0.63,0.727,0.7243,0.7362,,,,,,0.0,0.0,0.0,0.0,0.52,0.7292,0.0
spinach,fixing,o3,0.8,0.7667,0.94,0.92,0.9667,0.7467,0.3733,0.38,0.3733,0.8361,0.8607,0.0242,0.7798,0.5516,0.5745,0.5787,,,,,,0.0,0.0,0.0,0.0,0.3755,0.5683,0.0
spinach,wikidata,deepseek-chat,0.32,0.2067,0.5267,0.5533,0.62,0.14,,,,0.5286,0.4744,0.1347,0.2088,,,,,,,,,0.0,0.0,0.0,0.0,,,0.0
spinach,wikidata,gemini-2.0-flash,0.3467,0.1733,0.54,0.48,0.62,0.1067,,,,0.6206,0.4799,0.1089,0.2732,,,,,,,,,0.0,0.0,0.0,0.0,,,0.0
spinach,wikidata,gemini-2.5-flash,0.3667,0.28,0.5333,0.6133,0.9067,0.28,,,,0.4799,0.4381,0.0185,0.3343,,,,,,,,,0.0,0.0,0.0,0.0,,,0.0
spinach,wikidata,gemini-2.5-pro,0.3067,0.32,0.56,0.4733,0.8133,0.3,,,,0.665,0.6308,0.0251,0.5227,,,,,,,,,0.0,0.0,0.0,0.0,,,0.0
spinach,wikidata,gpt-4.1-2025-04-14,0.5,0.2133,0.5667,0.44,0.6467,0.1533,,,,0.798,0.62,0.0972,0.3664,,,,,,,,,0.0,0.0,0.0,0.0,,,0.0
spinach,wikidata,gpt-4.1-mini-2025-04-14,0.24,0.1,0.36,0.2733,0.8,0.0467,,,,0.4002,0.293,0.0662,0.1388,,,,,,,,,0.0,0.0,0.0,0.0,,,0.0
spinach,wikidata,gpt-4.1-nano-2025-04-14,0.3333,0.0667,0.3267,0.52,0.7733,0.02,,,,0.6103,0.3453,0.0773,0.2521,,,,,,,,,0.0,0.0,0.0,0.0,,,0.0
spinach,wikidata,gpt-4o,0.84,0.68,0.7533,0.7933,0.24,0.02,,,,0.8522,0.7537,0.7464,0.1227,,,,,,,,,0.0,0.0,0.0,0.0,,,0.0
spinach,wikidata,gpt-5,0.7533,0.5867,0.7533,0.7533,0.62,0.2533,,,,0.8193,0.7381,0.3349,0.4366,,,,,,,,,0.0,0.0,0.0,0.0,,,0.0
spinach,wikidata,gpt-5-mini,0.8,0.6467,0.76,0.8133,0.5067,0.1933,,,,0.8498,0.764,0.4699,0.3606,,,,,,,,,0.0,0.0,0.0,0.0,,,0.0
spinach,wikidata,gpt-5-nano,0.76,0.52,0.6867,0.7667,0.5933,0.18,,,,0.8474,0.7151,0.3758,0.4142,,,,,,,,,0.0,0.0,0.0,0.0,,,0.0
spinach,wikidata,gpt-oss:20b,0.3333,0.1933,0.4333,0.42,0.8867,0.1733,,,,0.507,0.4139,0.051,0.2952,,,,,,,,,0.0,0.0,0.0,0.0,,,0.0
spinach,wikidata,grok-3-mini,0.3533,0.2333,0.5867,0.52,0.8867,0.22,,,,0.6066,0.5324,0.0401,0.3872,,,,,,,,,0.0,0.0,0.0,0.0,,,0.0
spinach,wikidata,llama3.1:70b,0.2867,0.1267,0.3667,0.2467,0.6667,0.0267,,,,0.5241,0.4072,0.1191,0.1716,,,,,,,,,0.0,0.0,0.0,0.0,,,0.0
spinach,wikidata,llama3.1:8b,0.06,0.0267,0.1133,0.08,0.6467,0.0,,,,0.2847,0.2264,0.1076,0.0984,,,,,,,,,0.0,0.0,0.0,0.0,,,0.0
spinach,wikidata,mistral-small:24b,0.7333,0.4667,0.64,0.62,0.3533,0.0,,,,0.8042,0.6335,0.6104,0.1274,,,,,,,,,0.0,0.0,0.0,0.0,,,0.0
spinach,wikidata,o3,0.4267,0.3,0.5533,0.48,0.9333,0.2733,,,,0.7115,0.6097,0.0166,0.5156,,,,,,,,,0.0,0.0,0.0,0.0,,,0.0
spinach,zero-shot,deepseek-chat,0.32,0.1467,0.4667,0.4333,0.5667,0.08,0.2533,,,0.5752,0.4519,0.1474,0.2109,0.5247,,,0.3133,0.4667,0.52,0.5733,0.14,0.0,0.0,0.0,0.0,0.2533,0.5247,0.0
spinach,zero-shot,deepseek-reasoner,0.1667,0.1133,0.4133,0.2933,0.84,0.1,0.2067,,,0.4724,0.4071,0.0403,0.2956,0.4878,,,0.2553,0.4184,0.2979,0.7943,0.156,0.0,0.0,0.0,0.0,0.2067,0.4878,0.0
spinach,zero-shot,gemini-2.0-flash,0.4067,0.1,0.44,0.32,0.68,0.0333,0.4933,,,0.6494,0.4699,0.115,0.2675,0.7069,,,0.4333,0.38,0.6333,0.6667,0.1467,0.0,0.0,0.0,0.0,0.4933,0.7069,0.0
spinach,zero-shot,gemini-2.5-flash,0.3333,0.2867,0.4867,0.5,0.8533,0.2733,0.3733,,,0.5974,0.5385,0.0201,0.4301,0.6321,,,0.3733,0.4933,0.4733,0.84,0.3,0.0,0.0,0.0,0.0,0.3733,0.6321,0.0
spinach,zero-shot,gemini-2.5-pro,0.3,0.2067,0.4267,0.42,0.82,0.18,0.3333,,,0.6364,0.5555,0.0217,0.4456,0.6332,,,0.38,0.4267,0.4333,0.8,0.2133,0.0,0.0,0.0,0.0,0.3333,0.6332,0.0
spinach,zero-shot,gpt-4.1-2025-04-14,0.4733,0.2067,0.52,0.4267,0.6333,0.1267,0.2933,,,0.7449,0.5839,0.1198,0.3481,0.5782,,,0.4789,0.5,0.5352,0.6408,0.1408,0.0,0.0,0.0,0.0,0.2933,0.5782,0.0
spinach,zero-shot,gpt-4.1-mini-2025-04-14,0.44,0.1933,0.56,0.3933,0.4933,0.0733,0.2,,,0.7336,0.5745,0.1777,0.276,0.4015,,,0.44,0.3667,0.5733,0.5,0.1133,0.0,0.0,0.0,0.0,0.2,0.4015,0.0
spinach,zero-shot,gpt-4.1-nano-2025-04-14,0.3467,0.1467,0.5467,0.4333,0.58,0.0333,0.1982,,,0.6225,0.4586,0.2318,0.1702,0.4129,,,0.4533,0.5333,0.52,0.5467,0.9667,0.0,0.0,0.0,0.0,0.1982,0.4129,0.0
spinach,zero-shot,gpt-4o,0.56,0.2867,0.58,0.5267,0.68,0.0933,0.3667,,,0.7444,0.5784,0.2265,0.2971,0.6002,,,0.5733,0.4933,0.5067,0.6733,0.3867,0.0,0.0,0.0,0.0,0.3667,0.6002,0.0
spinach,zero-shot,gpt-5,0.6333,0.46,0.6667,0.6733,0.7133,0.22,0.6333,,,0.7885,0.6965,0.242,0.4508,0.8085,,,0.6067,0.6667,0.6733,0.74,0.2933,0.0,0.0,0.0,0.0,0.6333,0.8085,0.0
spinach,zero-shot,gpt-5-mini,0.6867,0.5,0.64,0.7,0.6133,0.1467,0.6667,,,0.8047,0.6858,0.3581,0.3525,0.7861,,,0.6533,0.64,0.6933,0.64,0.2067,0.0,0.0,0.0,0.0,0.6667,0.7861,0.0
spinach,zero-shot,gpt-5-nano,0.6333,0.4267,0.6,0.64,0.6867,0.18,,,,0.7653,0.6138,0.2881,0.3742,,,,0.6,0.56,0.6467,0.6867,0.2467,0.0,0.0,0.0,0.0,,,0.0
spinach,zero-shot,gpt-oss:20b,0.2333,0.1133,0.3733,0.2867,0.84,0.08,,,,0.4188,0.3527,0.0663,0.2249,,,,0.3,0.3933,0.2867,0.76,0.16,0.0,0.0,0.0,0.0,,,0.0
spinach,zero-shot,grok-3-mini,0.3333,0.28,0.56,0.4733,0.88,0.2733,,,,0.6448,0.626,0.0362,0.4674,,,,0.3733,0.54,0.4667,0.86,0.3,0.0,0.0,0.0,0.0,,,0.0
spinach,zero-shot,llama3.1:70b,0.2267,0.0867,0.3267,0.2667,0.74,0.0467,,,,0.4931,0.3891,0.0852,0.2136,,,,0.24,0.62,0.6467,0.74,0.0667,0.0,0.0,0.0,0.0,,,0.0
spinach,zero-shot,llama3.1:8b,0.02,0.0,0.0467,0.0533,0.7933,0.0,,,,0.1777,0.1199,0.0455,0.0627,,,,0.9333,0.8467,0.8733,0.28,0.96,0.0,0.0,0.0,0.0,,,0.0
spinach,zero-shot,mistral-small:24b,0.4933,0.26,0.5,0.44,0.5933,0.0333,,,,0.6949,0.516,0.3013,0.2048,,,,0.5133,0.4933,0.5533,0.5867,0.8933,0.0,0.0,0.0,0.0,,,0.0
spinach,zero-shot,o3,0.4133,0.34,0.58,0.5267,0.9067,0.3133,0.3133,,,0.7251,0.6427,0.0308,0.5223,0.5469,,,0.44,0.5667,0.5267,0.8667,0.4067,0.0,0.0,0.0,0.0,0.3133,0.5469,0.0
synthetic,classification,deepseek-chat,0.9333,0.7733,0.9067,0.9133,0.9333,0.74,0.56,0.5,0.4867,0.9579,0.9413,0.0609,0.8659,0.7571,0.7342,0.7401,,,,,,0.0,0.0,0.0,0.0,0.5156,0.7438,0.0
synthetic,classification,deepseek-reasoner,0.7267,0.8733,0.9267,0.9533,0.88,0.7667,0.3933,0.3333,0.4533,0.7768,0.9456,0.1183,0.8357,0.6352,0.6168,0.7358,,,,,,0.0,0.0,0.0,0.0,0.3933,0.6626,0.0
synthetic,classification,gemini-2.0-flash,0.8467,0.8467,1.0,0.9133,0.7467,0.64,0.48,0.4333,0.4533,0.9226,0.942,0.1848,0.7404,0.7256,0.6496,0.6439,0.8733,0.48,,,0.6467,0.0,0.0,0.0,0.0,0.4555,0.673,0.0
synthetic,classification,gemini-2.5-flash,0.8667,0.92,1.0,0.9733,0.9733,0.9067,0.4667,0.42,0.4667,0.9151,0.9651,0.021,0.9298,0.7421,0.7173,0.7786,0.8933,0.96,,,0.92,0.0,0.0,0.0,0.0,0.4511,0.746,0.0
synthetic,classification,gemini-2.5-pro,0.7733,0.6733,1.0,0.8267,0.9667,0.66,0.5067,0.3733,0.4267,0.8069,0.7644,0.0179,0.7276,0.7361,0.6142,0.669,0.8333,0.9467,,,0.7067,0.0,0.0,0.0,0.0,0.4356,0.6731,0.0
synthetic,classification,gpt-4.1-2025-04-14,0.9,0.86,0.7,0.98,0.9467,0.82,0.44,0.4133,0.4533,0.9626,0.9656,0.0374,0.934,0.7658,0.7448,0.76,0.92,0.6933,,,0.8,0.0,0.0,0.0,0.0,0.4355,0.7569,0.0
synthetic,classification,gpt-4.1-mini-2025-04-14,0.86,0.8733,0.56,0.98,0.9133,0.7933,0.3867,0.3267,0.4,0.9424,0.9551,0.0682,0.8945,0.6601,0.6615,0.6947,0.82,0.4067,,,0.74,0.0,0.0,0.0,0.0,0.3711,0.6721,0.0
synthetic,classification,gpt-4.1-nano-2025-04-14,0.9667,0.62,0.44,0.62,0.34,0.0,0.94,0.94,0.9467,0.9727,0.7599,0.6521,0.0,0.94,0.94,0.9467,0.64,0.5133,,,1.0,0.0,0.0,0.0,0.0,0.9422,0.9422,0.0
synthetic,classification,gpt-4o,0.9467,0.8867,1.0,0.9733,0.6067,0.5133,0.5733,0.2867,0.3267,0.6222,0.9631,0.3807,0.5779,0.4614,0.433,0.4795,0.9467,1.0,,,0.6757,0.0,0.0,0.0,0.0,0.3956,0.458,0.0
synthetic,classification,gpt-5,0.8933,0.8867,1.0,0.9733,0.8867,0.7867,0.6,0.5867,0.6133,0.9599,0.9285,0.1133,0.8621,0.8146,0.7942,0.8114,0.9133,0.9733,,,0.82,0.0,0.0,0.0,0.0,0.6,0.8067,0.0
synthetic,classification,gpt-5-mini,0.8733,0.6,1.0,0.68,0.84,0.4733,0.5467,0.5733,0.56,0.9382,0.7438,0.16,0.5535,0.7441,0.7764,0.7569,0.8467,0.96,,,0.5067,0.0,0.0,0.0,0.0,0.56,0.7591,0.0
synthetic,classification,gpt-5-nano,0.78,0.6467,1.0,0.74,0.2333,0.0,0.0933,0.5533,0.06,0.7872,0.7296,0.7667,0.0864,0.1053,0.5587,0.0766,0.7333,0.9267,,,0.0933,0.0,0.0,0.0,0.0,0.2355,0.2469,0.0
synthetic,classification,gpt-oss:20b,0.6533,0.46,1.0,0.7533,0.8933,0.4333,0.2733,0.2733,0.2733,0.8246,0.7567,0.051,0.6858,0.5664,0.5924,0.627,0.6667,0.9333,,,0.44,0.0,0.0,0.0,0.0,0.2733,0.5953,0.0
synthetic,classification,grok-3-mini,0.9,0.82,1.0,0.9333,0.9533,0.78,0.4133,0.4067,0.4267,0.9591,0.9565,0.0467,0.8982,0.7163,0.7014,0.6994,0.9133,0.9667,,,0.8,0.0,0.0,0.0,0.0,0.4156,0.7057,0.0
synthetic,classification,llama3.1:70b,0.82,0.6,1.0,0.88,0.92,0.6,0.2667,0.2667,0.22,0.9204,0.8955,0.0327,0.8533,0.6103,0.5952,0.5764,0.8733,0.1067,,,0.5533,0.0,0.0,0.0,0.0,0.2511,0.594,0.0
synthetic,classification,llama3.1:8b,0.2267,0.1067,1.0,0.42,0.68,0.0867,0.1067,0.0933,0.0733,0.6402,0.5797,0.0901,0.4721,0.4224,0.3968,0.3736,0.7533,0.1333,,,0.74,0.0,0.0,0.0,0.0,0.0911,0.3976,0.0
synthetic,classification,mistral-small:24b,0.8533,0.5667,1.0,0.8333,0.9133,0.5333,0.36,0.32,0.3333,0.9257,0.8309,0.07,0.7751,0.671,0.6502,0.6517,0.8733,0.0067,,,0.46,0.0,0.0,0.0,0.0,0.3378,0.6576,0.0
synthetic,classification,o3,0.9133,0.9,1.0,0.98,0.98,0.8867,0.3933,0.36,0.36,0.9767,0.9632,0.0182,0.9574,0.7092,0.7111,0.7131,0.8933,0.9733,,,0.92,0.0,0.0,0.0,0.0,0.3711,0.7111,0.0
synthetic,fixing,deepseek-chat,0.8933,0.8533,0.92,0.9867,0.9667,0.8267,0.6267,0.6733,0.6267,0.9525,0.9625,0.0259,0.877,0.8214,0.8428,0.8304,,,,,,0.0,0.0,0.0,0.0,0.6422,0.8315,0.0
synthetic,fixing,deepseek-reasoner,0.7533,0.6667,0.7933,0.8733,0.9667,0.6533,0.2667,0.2467,0.2867,0.8847,0.8887,0.0142,0.8733,0.5773,0.5358,0.5834,,,,,,0.0,0.0,0.0,0.0,0.2667,0.5655,0.0
synthetic,fixing,gemini-2.0-flash,0.86,0.84,0.8733,0.9667,0.9867,0.8267,0.8333,0.7867,0.8067,0.8733,0.958,0.0007,0.9087,0.9335,0.9037,0.9159,,,,,,0.0,0.0,0.0,0.0,0.8089,0.9177,0.0
synthetic,fixing,gemini-2.5-flash,0.9,0.9133,0.94,0.96,0.9733,0.9,0.78,0.7467,0.7667,0.9388,0.9457,0.0267,0.9118,0.8867,0.8675,0.8694,,,,,,0.0,0.0,0.0,0.0,0.7645,0.8745,0.0
synthetic,fixing,gemini-2.5-pro,0.68,0.7733,0.82,0.8867,0.9733,0.7667,0.3733,0.4333,0.3,0.6098,0.8262,0.025,0.8025,0.3721,0.5311,0.4136,,,,,,0.0,0.0,0.0,0.0,0.3689,0.4389,0.0
synthetic,fixing,gpt-4.1-2025-04-14,0.8867,0.8667,0.9533,0.9667,0.9733,0.8467,0.6867,0.6933,0.6933,0.9662,0.9711,0.01,0.8919,0.9175,0.9131,0.9145,,,,,,0.0,0.0,0.0,0.0,0.6911,0.915,0.0
synthetic,fixing,gpt-4.1-mini-2025-04-14,0.8067,0.8,0.9133,0.9667,0.86,0.76,0.6267,0.6533,0.6733,0.9151,0.9315,0.0639,0.8387,0.8616,0.8986,0.8651,,,,,,0.0,0.0,0.0,0.0,0.6511,0.8751,0.0
synthetic,fixing,gpt-4.1-nano-2025-04-14,0.5533,0.3733,0.6133,0.7,0.5733,0.22,0.4933,0.5333,0.5133,0.6813,0.6589,0.2566,0.4434,0.6822,0.7098,0.6864,,,,,,0.0,0.0,0.0,0.0,0.5133,0.6928,0.0
synthetic,fixing,gpt-4o,0.8133,0.7667,0.9467,0.96,0.9733,0.7667,0.54,0.56,0.5933,0.7462,0.7764,0.0157,0.7361,0.6078,0.6199,0.6514,,,,,,0.0,0.0,0.0,0.0,0.5644,0.6264,0.0
synthetic,fixing,gpt-5,0.88,0.9,0.9667,0.9933,0.9267,0.8267,0.5667,0.56,0.5467,0.9697,0.9482,0.0733,0.8959,0.7964,0.7859,0.7853,,,,,,0.0,0.0,0.0,0.0,0.5578,0.7892,0.0
synthetic,fixing,gpt-5-mini,0.8267,0.78,0.8867,0.9533,0.8533,0.66,0.5733,0.5667,0.6,0.9004,0.8703,0.142,0.7797,0.7607,0.7453,0.7902,,,,,,0.0,0.0,0.0,0.0,0.58,0.7654,0.0
synthetic,fixing,gpt-5-nano,0.9067,0.7733,0.8467,0.98,0.9067,0.6933,0.5533,0.58,0.56,0.9517,0.8801,0.093,0.7908,0.75,0.7743,0.7542,,,,,,0.0,0.0,0.0,0.0,0.5644,0.7595,0.0
synthetic,fixing,gpt-oss:20b,0.6667,0.6867,0.82,0.9067,0.9933,0.6867,0.3133,0.3333,0.3067,0.8429,0.8644,0.0009,0.8644,0.6195,0.6303,0.5971,,,,,,0.0,0.0,0.0,0.0,0.3178,0.6156,0.0
synthetic,fixing,grok-3-mini,0.8933,0.8733,0.9333,0.9933,0.9667,0.8533,0.5067,0.4333,0.4267,0.9532,0.9679,0.0227,0.9224,0.7509,0.6881,0.7234,,,,,,0.0,0.0,0.0,0.0,0.4556,0.7208,0.0
synthetic,fixing,llama3.1:70b,0.68,0.6667,0.8067,0.8733,0.9667,0.66,0.2867,0.3333,0.2867,0.8008,0.8717,0.0085,0.8449,0.6224,0.627,0.5811,,,,,,0.0,0.0,0.0,0.0,0.3022,0.6102,0.0
synthetic,fixing,llama3.1:8b,0.2067,0.04,0.2133,0.1733,0.6267,0.04,0.06,0.0467,0.0533,0.5639,0.3906,0.1097,0.2903,0.2753,0.2564,0.2895,,,,,,0.0,0.0,0.0,0.0,0.0533,0.2737,0.0
synthetic,fixing,mistral-small:24b,0.7533,0.5533,0.84,0.9533,0.9533,0.5333,0.5333,0.58,0.56,0.882,0.818,0.0188,0.7938,0.7864,0.8008,0.8029,,,,,,0.0,0.0,0.0,0.0,0.5578,0.7967,0.0
synthetic,fixing,o3,0.7667,0.9067,0.96,0.9733,1.0,0.9067,0.4667,0.4,0.4,0.9182,0.9312,0.0,0.9321,0.715,0.6663,0.6517,,,,,,0.0,0.0,0.0,0.0,0.4222,0.6777,0.0
synthetic,wikidata,deepseek-chat,0.4867,0.2067,0.5667,0.5533,0.5733,0.1,,,,0.6873,0.5714,0.1657,0.3056,,,,,,,,,0.0,0.0,0.0,0.0,,,0.0
synthetic,wikidata,gemini-2.0-flash,0.4867,0.1933,0.56,0.52,0.5733,0.1,,,,0.7258,0.6022,0.1475,0.3962,,,,,,,,,0.0,0.0,0.0,0.0,,,0.0
synthetic,wikidata,gemini-2.5-flash,0.3333,0.2467,0.6333,0.5133,0.8467,0.2133,,,,0.5816,0.5658,0.0465,0.4459,,,,,,,,,0.0,0.0,0.0,0.0,,,0.0
synthetic,wikidata,gemini-2.5-pro,0.42,0.3,0.5933,0.5733,0.8067,0.28,,,,0.7499,0.6982,0.0404,0.5896,,,,,,,,,0.0,0.0,0.0,0.0,,,0.0
synthetic,wikidata,gpt-4.1-2025-04-14,0.62,0.2933,0.6867,0.5733,0.6267,0.18,,,,0.8506,0.6977,0.1254,0.4714,,,,,,,,,0.0,0.0,0.0,0.0,,,0.0
synthetic,wikidata,gpt-4.1-mini-2025-04-14,0.3267,0.08,0.4,0.3067,0.68,0.0467,,,,0.5417,0.3843,0.0802,0.2859,,,,,,,,,0.0,0.0,0.0,0.0,,,0.0
synthetic,wikidata,gpt-4.1-nano-2025-04-14,0.36,0.0933,0.4933,0.5067,0.7667,0.06,,,,0.6337,0.3993,0.0745,0.2804,,,,,,,,,0.0,0.0,0.0,0.0,,,0.0
synthetic,wikidata,gpt-4o,0.8533,0.6467,0.6933,0.84,0.3,0.02,,,,0.8668,0.7349,0.6846,0.1987,,,,,,,,,0.0,0.0,0.0,0.0,,,0.0
synthetic,wikidata,gpt-5,0.6667,0.54,0.7333,0.78,0.8667,0.44,,,,0.8036,0.7549,0.0975,0.7062,,,,,,,,,0.0,0.0,0.0,0.0,,,0.0
synthetic,wikidata,gpt-5-mini,0.6067,0.46,0.62,0.66,0.7067,0.2267,,,,0.7246,0.6434,0.2502,0.4476,,,,,,,,,0.0,0.0,0.0,0.0,,,0.0
synthetic,wikidata,gpt-5-nano,0.6667,0.4133,0.66,0.6333,0.8,0.2667,,,,0.8043,0.6404,0.1655,0.4962,,,,,,,,,0.0,0.0,0.0,0.0,,,0.0
synthetic,wikidata,gpt-oss:20b,0.2867,0.2267,0.5267,0.4267,0.84,0.1933,,,,0.5468,0.5166,0.0465,0.4426,,,,,,,,,0.0,0.0,0.0,0.0,,,0.0
synthetic,wikidata,grok-3-mini,0.4467,0.3067,0.6133,0.5933,0.8867,0.3,,,,0.7327,0.6889,0.0221,0.6184,,,,,,,,,0.0,0.0,0.0,0.0,,,0.0
synthetic,wikidata,llama3.1:70b,0.3467,0.1067,0.4733,0.3667,0.6133,0.0467,,,,0.6352,0.4944,0.13,0.2851,,,,,,,,,0.0,0.0,0.0,0.0,,,0.0
synthetic,wikidata,llama3.1:8b,0.0667,0.0,0.2,0.1333,0.62,0.0,,,,0.3819,0.296,0.1017,0.1473,,,,,,,,,0.0,0.0,0.0,0.0,,,0.0
synthetic,wikidata,mistral-small:24b,0.66,0.3867,0.62,0.5333,0.4067,0.02,,,,0.7292,0.5659,0.5147,0.1662,,,,,,,,,0.0,0.0,0.0,0.0,,,0.0
synthetic,wikidata,o3,0.5333,0.34,0.66,0.5333,0.8467,0.3067,,,,0.8006,0.723,0.0287,0.6603,,,,,,,,,0.0,0.0,0.0,0.0,,,0.0
synthetic,zero-shot,deepseek-chat,0.4667,0.2133,0.5133,0.4867,0.56,0.1267,0.3467,,,0.6754,0.5407,0.1626,0.3156,0.5964,,,0.4933,0.5067,0.5133,0.5667,0.1733,0.0,0.0,0.0,0.0,0.3467,0.5964,0.0
synthetic,zero-shot,deepseek-reasoner,0.2867,0.2333,0.5267,0.4467,0.7533,0.18,0.25,,,0.5706,0.5545,0.0427,0.4397,0.7556,,,0.3933,0.5467,0.4467,0.7533,0.2067,0.0,0.0,0.0,0.0,0.25,0.7556,0.0
synthetic,zero-shot,gemini-2.0-flash,0.4333,0.18,0.5267,0.44,0.5533,0.0933,0.6133,,,0.7391,0.566,0.1478,0.3604,0.8385,,,0.5267,0.5067,0.54,0.58,0.36,0.0,0.0,0.0,0.0,0.6133,0.8385,0.0
synthetic,zero-shot,gemini-2.5-flash,0.4667,0.3467,0.6,0.5667,0.88,0.3133,0.4667,,,0.7291,0.6731,0.024,0.5907,0.7317,,,0.5467,0.6,0.56,0.8933,0.3467,0.0,0.0,0.0,0.0,0.4667,0.7317,0.0
synthetic,zero-shot,gemini-2.5-pro,0.4467,0.3533,0.6067,0.4933,0.8067,0.3067,0.4267,,,0.7226,0.7069,0.0412,0.5999,0.766,,,0.52,0.6067,0.52,0.8267,0.3467,0.0,0.0,0.0,0.0,0.4267,0.766,0.0
synthetic,zero-shot,gpt-4.1-2025-04-14,0.6,0.2733,0.7,0.54,0.6133,0.1667,0.3667,,,0.8377,0.7008,0.1287,0.4685,0.7002,,,0.6364,0.7133,0.5245,0.6224,0.1818,0.0,0.0,0.0,0.0,0.3667,0.7002,0.0
synthetic,zero-shot,gpt-4.1-mini-2025-04-14,0.4667,0.18,0.5533,0.5333,0.52,0.08,0.3267,,,0.75,0.6301,0.1726,0.3793,0.6579,,,0.52,0.44,0.5067,0.5333,0.0933,0.0,0.0,0.0,0.0,0.3267,0.6579,0.0
synthetic,zero-shot,gpt-4.1-nano-2025-04-14,0.3667,0.1133,0.5267,0.4467,0.5933,0.06,0.2733,,,0.6469,0.5003,0.17,0.3219,0.4982,,,0.5133,0.3733,0.5067,0.48,0.94,0.0,0.0,0.0,0.0,0.2733,0.4982,0.0
synthetic,zero-shot,gpt-4o,0.4067,0.16,0.5533,0.4133,0.7,0.0867,0.4533,,,0.6798,0.5558,0.1601,0.3557,0.743,,,0.4067,0.4933,0.5733,0.7067,0.36,0.0,0.0,0.0,0.0,0.4533,0.743,0.0
synthetic,zero-shot,gpt-5,0.5533,0.3933,0.6067,0.6467,0.8667,0.34,0.5133,,,0.7869,0.6867,0.0456,0.672,0.734,,,0.5733,0.6067,0.6467,0.88,0.3667,0.0,0.0,0.0,0.0,0.5133,0.734,0.0
synthetic,zero-shot,gpt-5-mini,0.56,0.3467,0.5333,0.6,0.7733,0.2133,0.5933,,,0.753,0.6191,0.1713,0.5131,0.7568,,,0.58,0.52,0.6267,0.7733,0.2333,0.0,0.0,0.0,0.0,0.5933,0.7568,0.0
synthetic,zero-shot,gpt-5-nano,0.56,0.4133,0.68,0.5867,0.86,0.3067,,,,0.7499,0.6659,0.1143,0.5548,,,,0.5667,0.6467,0.5867,0.82,0.3733,0.0,0.0,0.0,0.0,,,0.0
synthetic,zero-shot,gpt-oss:20b,0.2733,0.22,0.5,0.4067,0.7933,0.1733,,,,0.5755,0.5539,0.0474,0.4674,,,,0.32,0.5533,0.4,0.78,0.22,0.0,0.0,0.0,0.0,,,0.0
synthetic,zero-shot,grok-3-mini,0.4533,0.3467,0.6267,0.5467,0.88,0.3067,,,,0.7199,0.6895,0.0401,0.597,,,,0.5,0.6333,0.5533,0.8867,0.3267,0.0,0.0,0.0,0.0,,,0.0
synthetic,zero-shot,llama3.1:70b,0.3067,0.0933,0.4067,0.3133,0.6533,0.0533,,,,0.6141,0.447,0.1138,0.2735,,,,0.3467,0.5933,0.5533,0.66,0.0667,0.0,0.0,0.0,0.0,,,0.0
synthetic,zero-shot,llama3.1:8b,0.0267,0.0,0.0533,0.0133,0.8067,0.0,,,,0.2604,0.1632,0.0337,0.1,,,,0.9133,0.8733,0.8733,0.3,0.98,0.0,0.0,0.0,0.0,,,0.0
synthetic,zero-shot,mistral-small:24b,0.4067,0.1733,0.5733,0.4333,0.5333,0.0267,,,,0.6445,0.5298,0.2529,0.2543,,,,0.5133,0.4267,0.5733,0.54,0.82,0.0,0.0,0.0,0.0,,,0.0
synthetic,zero-shot,o3,0.38,0.2667,0.5267,0.4467,0.86,0.2467,0.3733,,,0.6809,0.6088,0.0317,0.5389,0.6738,,,0.46,0.5267,0.4533,0.8533,0.2733,0.0,0.0,0.0,0.0,0.3733,0.6738,0.0
overall,classification,deepseek-chat,0.95,0.825,0.9333,0.92,0.6983,0.5633,0.5067,0.475,0.5,0.9734,0.9461,0.2844,0.6581,0.7052,0.669,0.6867,0.8933,0.1,,,0.52,0.0,0.0,0.0,0.0,0.4939,0.687,0.0
overall,classification,deepseek-reasoner,0.715,0.8017,0.9333,0.8733,0.6833,0.5317,0.385,0.345,0.4433,0.7687,0.8853,0.3082,0.5994,0.5793,0.562,0.6569,0.6533,0.92,,,0.54,0.0,0.0,0.0,0.0,0.3911,0.5994,0.0
overall,classification,gemini-2.0-flash,0.8817,0.8483,1.0,0.945,0.6467,0.54,0.42,0.385,0.3633,0.9384,0.9257,0.2765,0.6219,0.659,0.5961,0.5776,0.885,0.4683,,,0.4627,0.0,0.0,0.0,0.0,0.3894,0.6109,0.0
overall,classification,gemini-2.5-flash,0.8983,0.93,1.0,0.9683,0.9067,0.8483,0.33,0.3383,0.3267,0.9383,0.9607,0.0882,0.8392,0.6344,0.6168,0.6369,0.875,0.9499,,,0.8533,0.0,0.0,0.0,0.0,0.3317,0.6294,0.0
overall,classification,gemini-2.5-pro,0.8533,0.765,1.0,0.88,0.93,0.7133,0.375,0.3133,0.3367,0.8978,0.8616,0.0622,0.7902,0.6515,0.5929,0.6185,0.9067,0.9583,,,0.7467,0.0,0.0,0.0,0.0,0.3417,0.621,0.0
overall,classification,gpt-4.1-2025-04-14,0.9183,0.87,0.7033,0.975,0.87,0.7483,0.2983,0.2917,0.325,0.9754,0.9711,0.1174,0.8484,0.6209,0.6051,0.6229,0.9233,0.6967,,,0.7467,0.0,0.0,0.0,0.0,0.305,0.6163,0.0
overall,classification,gpt-4.1-mini-2025-04-14,0.8983,0.8633,0.64,0.9483,0.7717,0.64,0.345,0.3383,0.365,0.9573,0.9482,0.2183,0.7241,0.5946,0.5772,0.6007,0.8933,0.4483,,,0.625,0.0,0.0,0.0,0.0,0.3494,0.5908,0.0
overall,classification,gpt-4.1-nano-2025-04-14,0.9733,0.565,0.7167,0.5667,0.3817,0.0,0.96,0.9583,0.955,0.9757,0.7272,0.6149,0.0017,0.9608,0.96,0.9558,0.6933,0.365,,,1.0,0.0,0.0,0.0,0.0,0.9578,0.9589,0.0
overall,classification,gpt-4o,0.9733,0.9383,0.9933,0.9867,0.38,0.325,0.6717,0.3267,0.385,0.5867,0.9791,0.6127,0.3587,0.4322,0.4238,0.4648,0.965,0.3709,,,0.7767,0.0,0.0,0.0,0.0,0.4611,0.4403,0.0
overall,classification,gpt-5,0.9233,0.8817,1.0,0.965,0.7067,0.5983,0.5583,0.5717,0.5867,0.9663,0.9334,0.292,0.6683,0.7534,0.7402,0.7621,0.9133,0.9817,,,0.63,0.0,0.0,0.0,0.0,0.5722,0.7519,0.0
overall,classification,gpt-5-mini,0.88,0.6417,1.0,0.75,0.6733,0.34,0.59,0.5933,0.5817,0.9258,0.7667,0.3267,0.4464,0.731,0.738,0.7328,0.8467,0.9617,,,0.38,0.0,0.0,0.0,0.0,0.5883,0.7339,0.0
overall,classification,gpt-5-nano,0.7783,0.69,1.0,0.7683,0.195,0.005,0.09,0.5633,0.075,0.7816,0.7608,0.8039,0.0782,0.096,0.566,0.0816,0.7767,0.8933,,,0.0883,0.0,0.0,0.0,0.0,0.2428,0.2479,0.0
overall,classification,gpt-oss:20b,0.6717,0.4833,1.0,0.7317,0.8467,0.38,0.2717,0.2483,0.2633,0.7939,0.7677,0.1073,0.6099,0.4892,0.4829,0.4894,0.665,0.8933,,,0.4033,0.0,0.0,0.0,0.0,0.2611,0.4872,0.0
overall,classification,grok-3-mini,0.9083,0.7883,1.0,0.9,0.8667,0.6683,0.3767,0.365,0.3717,0.9639,0.9366,0.1277,0.7869,0.6309,0.6203,0.6182,0.9183,0.9517,,,0.6933,0.0,0.0,0.0,0.0,0.3711,0.6231,0.0
overall,classification,llama3.1:70b,0.8033,0.5733,1.0,0.8633,0.935,0.5617,0.2033,0.1767,0.18,0.9071,0.8621,0.0295,0.812,0.4882,0.4549,0.4659,0.8233,0.09,,,0.5367,0.0,0.0,0.0,0.0,0.1867,0.4697,0.0
overall,classification,llama3.1:8b,0.1633,0.0833,1.0,0.3383,0.6817,0.05,0.045,0.0367,0.0317,0.5603,0.5018,0.0974,0.3899,0.2944,0.253,0.2497,0.81,0.1383,,,0.8267,0.0,0.0,0.0,0.0,0.0378,0.2657,0.0
overall,classification,mistral-small:24b,0.845,0.565,1.0,0.8067,0.7983,0.4233,0.3467,0.2517,0.28,0.9257,0.811,0.1774,0.6371,0.5922,0.5026,0.524,0.885,0.0017,,,0.565,0.0,0.0,0.0,0.0,0.2928,0.5396,0.0
overall,classification,o3,0.82,0.81,0.8833,0.9133,0.925,0.7467,0.325,0.3217,0.3283,0.9324,0.9124,0.0674,0.8397,0.6034,0.6148,0.6098,0.8433,0.8567,,,0.775,0.0,0.0,0.0,0.0,0.325,0.6093,0.0
overall,fixing,deepseek-chat,0.8167,0.7467,0.8883,0.95,0.9467,0.71,0.4883,0.5133,0.505,0.9117,0.9164,0.0396,0.798,0.714,0.7276,0.7305,,,,,,0.0,0.0,0.0,0.0,0.5022,0.724,0.0
overall,fixing,deepseek-reasoner,0.6833,0.6133,0.7567,0.8633,0.93,0.5833,0.2033,0.1867,0.1883,0.8221,0.8357,0.0537,0.7955,0.4582,0.4436,0.4432,,,,,,0.0,0.0,0.0,0.0,0.1928,0.4483,0.0
overall,fixing,gemini-2.0-flash,0.79,0.7517,0.8417,0.92,0.9667,0.7383,0.775,0.7683,0.7467,0.8233,0.9066,0.0137,0.8415,0.8706,0.8656,0.8529,,,,,,0.0,0.0,0.0,0.0,0.7633,0.863,0.0
overall,fixing,gemini-2.5-flash,0.8917,0.89,0.9017,0.9533,0.9567,0.855,0.6817,0.68,0.665,0.9256,0.9172,0.0408,0.8349,0.7806,0.7855,0.777,,,,,,0.0,0.0,0.0,0.0,0.6756,0.781,0.0
overall,fixing,gemini-2.5-pro,0.7733,0.7583,0.8017,0.9217,0.9783,0.7483,0.4683,0.485,0.4333,0.8197,0.8579,0.0206,0.8089,0.62,0.6606,0.617,,,,,,0.0,0.0,0.0,0.0,0.4622,0.6325,0.0
overall,fixing,gpt-4.1-2025-04-14,0.825,0.78,0.9183,0.945,0.9533,0.7483,0.5217,0.5333,0.5233,0.9207,0.9252,0.0309,0.8364,0.7766,0.7789,0.7743,,,,,,0.0,0.0,0.0,0.0,0.5261,0.7766,0.0
overall,fixing,gpt-4.1-mini-2025-04-14,0.775,0.73,0.8767,0.9633,0.8967,0.6883,0.445,0.4517,0.4667,0.8881,0.8835,0.061,0.7953,0.7114,0.727,0.7168,,,,,,0.0,0.0,0.0,0.0,0.4545,0.7184,0.0
overall,fixing,gpt-4.1-nano-2025-04-14,0.5467,0.3083,0.5917,0.6017,0.6183,0.215,0.3483,0.3533,0.44,0.6237,0.5043,0.2257,0.3509,0.4852,0.4825,0.5477,,,,,,0.0,0.0,0.0,0.0,0.3805,0.5051,0.0
overall,fixing,gpt-4o,0.8531,0.7863,0.9182,0.9482,0.8648,0.6795,0.5392,0.5559,0.5492,0.7338,0.739,0.1211,0.5872,0.5478,0.5572,0.557,,,,,,0.0,0.0,0.0,0.0,0.5481,0.554,0.0
overall,fixing,gpt-5,0.9067,0.8617,0.94,0.9817,0.79,0.6533,0.645,0.63,0.6167,0.9611,0.912,0.21,0.6917,0.8059,0.7947,0.7822,,,,,,0.0,0.0,0.0,0.0,0.6306,0.7943,0.0
overall,fixing,gpt-5-mini,0.8683,0.7867,0.9167,0.95,0.7367,0.545,0.68,0.6933,0.6867,0.9104,0.873,0.2617,0.5503,0.7839,0.7999,0.8043,,,,,,0.0,0.0,0.0,0.0,0.6867,0.796,0.0
overall,fixing,gpt-5-nano,0.8417,0.7467,0.8317,0.9717,0.7783,0.5333,0.625,0.63,0.6033,0.8965,0.8536,0.214,0.5845,0.748,0.7591,0.7455,,,,,,0.0,0.0,0.0,0.0,0.6194,0.7509,0.0
overall,fixing,gpt-oss:20b,0.5833,0.65,0.8067,0.9233,0.9533,0.62,0.2433,0.2767,0.2433,0.765,0.8443,0.0397,0.7864,0.4946,0.5291,0.4899,,,,,,0.0,0.0,0.0,0.0,0.2544,0.5045,0.0
overall,fixing,grok-3-mini,0.8817,0.85,0.9267,0.985,0.955,0.81,0.4083,0.3917,0.3967,0.9363,0.9448,0.04,0.7916,0.6373,0.6291,0.643,,,,,,0.0,0.0,0.0,0.0,0.3989,0.6365,0.0
overall,fixing,llama3.1:70b,0.61,0.5283,0.7267,0.8217,0.935,0.5067,0.21,0.2283,0.2067,0.7529,0.7957,0.0337,0.7635,0.4702,0.4774,0.4645,,,,,,0.0,0.0,0.0,0.0,0.215,0.4707,0.0
overall,fixing,llama3.1:8b,0.1267,0.0267,0.155,0.1233,0.6183,0.0183,0.0217,0.0167,0.0267,0.4549,0.3316,0.1126,0.2414,0.1659,0.1602,0.18,,,,,,0.0,0.0,0.0,0.0,0.0217,0.1687,0.0
overall,fixing,mistral-small:24b,0.72,0.5183,0.7467,0.9,0.9583,0.5017,0.5233,0.5383,0.5367,0.8296,0.7563,0.0148,0.6782,0.7518,0.7489,0.759,,,,,,0.0,0.0,0.0,0.0,0.5328,0.7532,0.0
overall,fixing,o3,0.7367,0.795,0.92,0.945,0.9733,0.7717,0.3783,0.3633,0.3783,0.8218,0.8565,0.0244,0.8082,0.5603,0.5549,0.5642,,,,,,0.0,0.0,0.0,0.0,0.3733,0.5598,0.0
overall,wikidata,deepseek-chat,0.3622,0.2111,0.56,0.5422,0.6111,0.1311,,,,0.5312,0.4593,0.1416,0.2257,,,,,,,,,0.0,0.0,0.0,0.0,,,0.0
overall,wikidata,gemini-2.0-flash,0.3422,0.16,0.5044,0.4667,0.6022,0.0911,,,,0.592,0.473,0.1177,0.2998,,,,,,,,,0.0,0.0,0.0,0.0,,,0.0
overall,wikidata,gemini-2.5-flash,0.3333,0.2311,0.58,0.5378,0.8778,0.22,,,,0.4738,0.4439,0.028,0.3487,,,,,,,,,0.0,0.0,0.0,0.0,,,0.0
overall,wikidata,gemini-2.5-pro,0.3156,0.2667,0.5222,0.4622,0.7956,0.2489,,,,0.6426,0.6071,0.0343,0.5045,,,,,,,,,0.0,0.0,0.0,0.0,,,0.0
overall,wikidata,gpt-4.1-2025-04-14,0.4578,0.2111,0.56,0.4667,0.6333,0.1378,,,,0.767,0.6112,0.1075,0.3997,,,,,,,,,0.0,0.0,0.0,0.0,,,0.0
overall,wikidata,gpt-4.1-mini-2025-04-14,0.2622,0.08,0.3511,0.2911,0.78,0.04,,,,0.4389,0.3032,0.0619,0.202,,,,,,,,,0.0,0.0,0.0,0.0,,,0.0
overall,wikidata,gpt-4.1-nano-2025-04-14,0.3311,0.0733,0.3844,0.5111,0.8111,0.04,,,,0.5702,0.3623,0.0627,0.2838,,,,,,,,,0.0,0.0,0.0,0.0,,,0.0
overall,wikidata,gpt-4o,0.8917,0.76,0.8,0.8683,0.1883,0.01,,,,0.8981,0.8149,0.8032,0.112,,,,,,,,,0.0,0.0,0.0,0.0,,,0.0
overall,wikidata,gpt-5,0.7283,0.5583,0.7283,0.7533,0.6717,0.26,,,,0.8257,0.7393,0.3023,0.4771,,,,,,,,,0.0,0.0,0.0,0.0,,,0.0
overall,wikidata,gpt-5-mini,0.7533,0.595,0.725,0.7533,0.51,0.1533,,,,0.8228,0.7318,0.4691,0.3255,,,,,,,,,0.0,0.0,0.0,0.0,,,0.0
overall,wikidata,gpt-5-nano,0.7433,0.5133,0.6933,0.725,0.6,0.1633,,,,0.8254,0.693,0.3765,0.3788,,,,,,,,,0.0,0.0,0.0,0.0,,,0.0
overall,wikidata,gpt-oss:20b,0.2733,0.18,0.4383,0.41,0.8717,0.1467,,,,0.453,0.4039,0.0589,0.3081,,,,,,,,,0.0,0.0,0.0,0.0,,,0.0
overall,wikidata,grok-3-mini,0.3367,0.235,0.5517,0.4683,0.8767,0.2117,,,,0.5844,0.5376,0.0455,0.4161,,,,,,,,,0.0,0.0,0.0,0.0,,,0.0
overall,wikidata,llama3.1:70b,0.2283,0.0817,0.32,0.24,0.65,0.025,,,,0.4904,0.3925,0.1156,0.2085,,,,,,,,,0.0,0.0,0.0,0.0,,,0.0
overall,wikidata,llama3.1:8b,0.0433,0.0067,0.1167,0.0783,0.6933,0.0,,,,0.26,0.2055,0.0811,0.1026,,,,,,,,,0.0,0.0,0.0,0.0,,,0.0
overall,wikidata,mistral-small:24b,0.72,0.5083,0.6617,0.6317,0.3333,0.0083,,,,0.7859,0.6473,0.6224,0.1263,,,,,,,,,0.0,0.0,0.0,0.0,,,0.0
overall,wikidata,o3,0.4231,0.2742,0.5585,0.4398,0.8946,0.2324,,,,0.7013,0.604,0.0437,0.5176,,,,,,,,,0.0,0.0,0.0,0.0,,,0.0
overall,zero-shot,deepseek-chat,0.325,0.1633,0.455,0.3983,0.5583,0.0717,0.3892,,,0.5696,0.4637,0.1665,0.2553,0.61435,,,0.3467,0.5083,0.545,0.5583,0.1467,0.0,0.0,0.0,0.0,0.2717,0.5235,0.0
overall,zero-shot,deepseek-reasoner,0.1783,0.1317,0.4,0.3033,0.8167,0.105,0.2764,,,0.4558,0.4109,0.0396,0.3114,0.4939,,,0.2724,0.4162,0.3113,0.7919,0.1574,0.0,0.0,0.0,0.0,0.1678,0.4085,0.0
overall,zero-shot,gemini-2.0-flash,0.3333,0.125,0.4333,0.365,0.64,0.0567,0.48585,,,0.5978,0.4547,0.1221,0.2879,0.70095,,,0.3733,0.4433,0.6067,0.6417,0.2217,0.0,0.0,0.0,0.0,0.5517,0.7429,0.0
overall,zero-shot,gemini-2.5-flash,0.3367,0.2533,0.5083,0.4317,0.8617,0.2317,0.38,,,0.5972,0.532,0.0288,0.4354,0.64535,,,0.415,0.5117,0.4267,0.85,0.2617,0.0,0.0,0.0,0.0,0.43,0.6563,0.0
overall,zero-shot,gemini-2.5-pro,0.3083,0.2217,0.44,0.3933,0.815,0.195,0.3675,,,0.6291,0.5657,0.031,0.4676,0.66335,,,0.3833,0.44,0.3983,0.8167,0.2283,0.0,0.0,0.0,0.0,0.36,0.6752,0.0
overall,zero-shot,gpt-4.1-2025-04-14,0.3967,0.165,0.505,0.39,0.6417,0.1017,0.2875,,,0.6774,0.5427,0.1096,0.3553,0.5962000000000001,,,0.4256,0.5052,0.5069,0.6471,0.1073,0.0,0.0,0.0,0.0,0.2767,0.5715,0.0
overall,zero-shot,gpt-4.1-mini-2025-04-14,0.3383,0.1367,0.4833,0.3867,0.5633,0.0517,0.27999999999999997,,,0.6275,0.4984,0.1574,0.2801,0.53775,,,0.3867,0.4617,0.5867,0.5633,0.0817,0.0,0.0,0.0,0.0,0.215,0.4809,0.0
overall,zero-shot,gpt-4.1-nano-2025-04-14,0.28,0.115,0.4733,0.3783,0.6333,0.0383,0.5843,,,0.5083,0.3907,0.179,0.2025,0.6806,,,0.4583,0.4883,0.525,0.495,0.9617,0.0,0.0,0.0,0.0,0.2086,0.4004,0.0
overall,zero-shot,gpt-4o,0.4567,0.2567,0.535,0.4717,0.635,0.0617,0.525,,,0.657,0.5393,0.2648,0.2635,0.5196,,,0.46,0.4933,0.5333,0.6383,0.3817,0.0,0.0,0.0,0.0,0.3783,0.607,0.0
overall,zero-shot,gpt-5,0.6067,0.43,0.6383,0.65,0.7383,0.215,0.585,,,0.7833,0.6792,0.2205,0.4804,0.76925,,,0.6067,0.6317,0.6467,0.76,0.265,0.0,0.0,0.0,0.0,0.6117,0.7851,0.0
overall,zero-shot,gpt-5-mini,0.6533,0.48,0.6367,0.6817,0.615,0.145,0.63165,,,0.7702,0.6713,0.3593,0.3741,0.7614,,,0.635,0.63,0.685,0.6333,0.19,0.0,0.0,0.0,0.0,0.6733,0.7918,0.0
overall,zero-shot,gpt-5-nano,0.5933,0.4383,0.6433,0.6333,0.6767,0.1733,0.09,,,0.7262,0.6345,0.2988,0.3852,0.096,,,0.5833,0.6133,0.6267,0.66,0.2467,0.0,0.0,0.0,0.0,,,0.0
overall,zero-shot,gpt-oss:20b,0.2183,0.1533,0.3883,0.3383,0.835,0.1017,0.2192,,,0.4341,0.3922,0.0752,0.2847,0.43775,,,0.2617,0.41,0.335,0.805,0.1617,0.0,0.0,0.0,0.0,0.1667,0.3863,0.0
overall,zero-shot,grok-3-mini,0.3433,0.2633,0.525,0.4433,0.8783,0.2317,0.3767,,,0.633,0.5731,0.055,0.449,0.6309,,,0.3917,0.525,0.4433,0.8767,0.2583,0.0,0.0,0.0,0.0,,,0.0
overall,zero-shot,llama3.1:70b,0.205,0.07,0.2917,0.2433,0.7167,0.0317,0.2033,,,0.4721,0.354,0.0955,0.2106,0.4882,,,0.2267,0.685,0.6183,0.7183,0.0467,0.0,0.0,0.0,0.0,,,0.0
overall,zero-shot,llama3.1:8b,0.0167,0.0017,0.0383,0.0217,0.8433,0.0,0.02915,,,0.1677,0.1163,0.0319,0.0639,0.2152,,,0.9383,0.86,0.87,0.2867,0.97,0.0,0.0,0.0,0.0,0.0133,0.136,0.0
overall,zero-shot,mistral-small:24b,0.4433,0.24,0.5067,0.45,0.51,0.015,0.43,,,0.6442,0.5191,0.3441,0.2033,0.63975,,,0.4917,0.4917,0.5483,0.5083,0.8733,0.0,0.0,0.0,0.0,0.5133,0.6873,0.0
overall,zero-shot,o3,0.3433,0.23,0.5083,0.385,0.865,0.1933,0.3125,,,0.6268,0.5442,0.0547,0.4398,0.5887500000000001,,,0.3917,0.4967,0.395,0.85,0.2567,0.0,0.0,0.0,0.0,0.3,0.5741,0.0
