dataset,action,llm,?A1=A2,?A1=A3+A4,?A1>A3,?A1>A4,?A3∅A4,?A4=A1|3,?A1=A1*,?A1=A1**,?A1*=A1**,J(A1-A2),J(A1-A34),J(A3-A4),J(A4-A1|3),J(A1-A1*),J(A1-A1**),J(A1*-A1**),idk_A1,idk_A2,idk_A3,idk_A4,?A1=A1(ave),J_A1_ave,?A1=A2(+),?A1=A2(-),J(1-2)+,J(1-2)-,?A1>A3(+),?A1>A3(-),?A1>A4(+),?A1>A4(-),?A3∅A4(+),?A3∅A4(-),J(3-4)+,J(3-4)-,?A1=A3+A4(+),?A1=A3+A4(-),J(1-34)+,J(1-34)-,p(A1=A2),p(A1=A3+A4),p(A1>A3),p(A1>A4),p(A3∅A4),p(A4=A1|3)
qawiki,classification,deepseek-chat,0.98,0.8467,0.9,0.9333,0.56,0.4533,0.5133,0.5133,0.5133,0.9925,0.9582,0.4117,0.5403,0.6638,0.6377,0.6588,0.3667,0.3667,0.4,0.4333,0.5133,0.6534,,,,,,,,,,,,,,,,,0.0,0.0,0.0,0.0,0.8313,0.0
qawiki,classification,deepseek-reasoner,0.7267,0.8533,0.9133,0.8933,0.4533,0.3733,0.3867,0.4,0.5267,0.7919,0.902,0.5433,0.4137,0.55,0.5602,0.6708,0.3067,0.3267,0.48,0.5267,0.4378,0.5937,,,,,,,,,,,,,,,,,0.0,0.0,0.0,0.0,1.0,0.0
qawiki,classification,gemini-2.0-flash,0.8667,0.8867,1.0,0.9533,0.3533,0.2933,0.4667,0.4333,0.3733,0.9471,0.9502,0.5642,0.3982,0.6483,0.6061,0.5276,0.3067,0.3,1.0,0.5467,0.4244,0.594,0.87248322147651,0.0,0.9492456375838924,0.625,1.0,1.0,,,,,,,0.8851351351351351,1.0,0.949497972972973,1.0,0.0,0.0,0.0,0.0,1.0,0.0
qawiki,classification,gemini-2.5-flash,0.8933,0.9467,1.0,0.98,0.8267,0.7733,0.26,0.3267,0.2467,0.9404,0.9787,0.1678,0.7438,0.5754,0.5794,0.5702,0.12,0.12,1.0,0.2467,0.2778,0.575,0.950413223140496,0.6551724137931034,0.9550727272727272,0.8790793103448277,1.0,1.0,,,,,,,0.9652777777777778,0.5,0.9810659722222224,0.9222333333333332,0.0,0.0,0.0,0.0,0.7388,0.0
qawiki,classification,gemini-2.5-pro,0.9,0.72,1.0,0.8467,0.88,0.62,0.3,0.2333,0.28,0.9486,0.8374,0.11,0.7094,0.5939,0.499,0.5359,0.1067,0.0933,1.0,0.22,0.2711,0.5429,0.9848484848484848,0.2777777777777778,0.9848484848484848,0.6829444444444444,1.0,1.0,,,,,,,0.7571428571428571,0.2,0.8624642857142858,0.4869099999999999,0.0,0.0,0.0,0.0,0.01,0.0
qawiki,classification,gpt-4.1-2025-04-14,0.92,0.8867,0.4667,0.98,0.7933,0.68,0.2667,0.2667,0.2867,0.9874,0.9681,0.2003,0.7671,0.5831,0.569,0.5555,0.0933,0.0933,0.1533,0.2067,0.2734,0.5692,0.9432624113475178,0.5555555555555556,0.9937127659574468,0.8890333333333333,0.4662162162162162,0.5,,,,,,,0.8843537414965986,1.0,0.9674442176870748,1.0,0.0,0.0,0.0631,0.0,0.0025,0.0
qawiki,classification,gpt-4.1-mini-2025-04-14,0.9067,0.8733,0.4267,0.9533,0.6667,0.5467,0.3267,0.3733,0.3333,0.9635,0.9346,0.3269,0.6176,0.5754,0.5618,0.5564,0.2333,0.2333,0.2133,0.3533,0.3444,0.5645,0.9565217391304348,0.3333333333333333,0.9821123188405796,0.749025,0.4666666666666667,0.4166666666666667,,,,,,,0.8785714285714286,0.8,0.9374614285714286,0.8949999999999999,0.0,0.0,0.7159,0.0,0.0465,0.0
qawiki,classification,gpt-4.1-nano-2025-04-14,0.9667,0.54,0.68,0.54,0.3867,0.0,0.94,0.9533,0.9333,0.9667,0.6912,0.6075,0.0,0.94,0.9533,0.9333,0.98,0.9867,0.6867,0.54,0.9422,0.9422,0.9489795918367347,1.0,0.9489795918367347,1.0,0.6052631578947368,0.7053571428571429,,,,,,,,0.54,,0.691204,0.0,0.0,0.0002,0.0003,1.0,1.0
qawiki,classification,gpt-4o,0.98,0.94,1.0,0.9933,0.2867,0.2333,0.74,0.1067,0.14,0.2828,0.9686,0.707,0.2698,0.1983,0.1767,0.2078,0.7067,0.7133,1.0,0.7267,0.3289,0.1943,0.9931972789115646,0.3333333333333333,0.2834469387755102,0.25,,,,,,,,,0.9565217391304348,0.967032967032967,0.9891304347826086,0.9789373626373628,0.0,0.0,0.0,0.0,1.0,0.0
qawiki,classification,gpt-5,0.9133,0.9267,1.0,0.9733,0.52,0.4467,0.5267,0.6067,0.6067,0.9636,0.9644,0.48,0.4733,0.7286,0.7324,0.746,0.4133,0.4067,1.0,0.5333,0.58,0.7357,0.9473684210526316,0.6470588235294118,0.9752368421052632,0.8727058823529412,1.0,1.0,,,,,,,0.93006993006993,0.8571428571428571,0.9633384615384616,0.9864,0.0,0.0,0.0,0.0,0.9822,0.0
qawiki,classification,gpt-5-mini,0.86,0.66,1.0,0.78,0.6267,0.32,0.52,0.5267,0.5133,0.9295,0.7907,0.3733,0.4344,0.6695,0.6549,0.6581,0.42,0.4267,1.0,0.48,0.52,0.6608,0.8872180451127819,0.6470588235294118,0.9485684210526316,0.7803941176470588,1.0,1.0,,,,,,,0.6619718309859155,0.625,0.7933239436619718,0.74375,0.0001,0.1302,0.0,0.3359,0.0113,0.0
qawiki,classification,gpt-5-nano,0.7867,0.7067,1.0,0.7733,0.16,0.0067,0.08,0.5467,0.0667,0.7893,0.7687,0.8356,0.0694,0.08,0.5467,0.0667,0.1133,0.1,1.0,0.0333,0.2311,0.2311,0.8120300751879699,0.5882352941176471,0.8120300751879699,0.611764705882353,1.0,1.0,,,,,,,0.7323943661971831,0.25,0.792019014084507,0.3541625,0.0,0.0,0.0,0.0775,1.0,1.0
qawiki,classification,gpt-oss:20b,0.7133,0.5467,1.0,0.7267,0.7867,0.3667,0.2933,0.2333,0.2667,0.8163,0.7847,0.1779,0.5467,0.4965,0.4492,0.4766,0.22,0.1667,1.0,0.28,0.2644,0.4741,0.7058823529411765,0.7857142857142857,0.8075352941176471,0.9017857142857144,1.0,1.0,,,,,,,0.5524475524475524,0.4285714285714285,0.7840706293706294,0.7976285714285714,0.0,0.0,0.0,0.0,0.9506,0.0
qawiki,classification,grok-3-mini,0.8867,0.7667,1.0,0.8867,0.8,0.58,0.3467,0.38,0.34,0.966,0.9123,0.1934,0.7055,0.5385,0.5576,0.5358,0.1667,0.1667,1.0,0.2867,0.3556,0.544,0.9694656488549618,0.3157894736842105,0.9939519083969464,0.7730263157894737,1.0,1.0,,,,,,,0.7724137931034483,0.6,0.9116372413793103,0.93286,0.0,0.0,0.0,0.0,0.9995,0.0
qawiki,classification,llama3.1:70b,0.8067,0.4733,1.0,0.8267,0.9333,0.4667,0.1467,0.0933,0.1333,0.9067,0.7929,0.0377,0.7731,0.4186,0.3589,0.395,0.0267,0.0333,1.0,0.0533,0.1244,0.3908,0.8163265306122449,0.3333333333333333,0.909178911564626,0.7852,1.0,1.0,,,,,,,0.4608695652173913,0.5142857142857142,0.7775495652173913,0.8435228571428572,0.0,0.0,0.0,0.0,0.0,0.0
qawiki,classification,llama3.1:8b,0.1133,0.1,1.0,0.3533,0.68,0.06,0.0133,0.0067,0.0133,0.4828,0.4791,0.1024,0.385,0.2243,0.1549,0.1793,0.0,0.0133,1.0,0.0,0.0111,0.1862,0.0,0.1140939597315436,0.8,0.4806939597315436,1.0,1.0,,,,,,,0.15,0.0923076923076923,0.5286299999999999,0.471526923076923,0.0001,0.0003,0.0,0.0,1.0,0.002
qawiki,classification,mistral-small:24b,0.8533,0.66,1.0,0.8667,0.6933,0.4067,0.3733,0.2333,0.24,0.9396,0.8434,0.2837,0.5736,0.5789,0.4543,0.4658,0.1867,0.2,1.0,0.1267,0.2822,0.4997,0.9130434782608696,0.1666666666666666,0.9563217391304348,0.7469583333333333,,1.0,,,,,,,0.6,0.6642857142857143,0.90105,0.8392478571428571,0.0,0.0,0.0,0.0,0.0,0.0
qawiki,classification,o3,0.7667,0.74,1.0,0.8733,0.86,0.6133,0.2867,0.2733,0.3067,0.9033,0.8855,0.1241,0.7496,0.5253,0.5431,0.5611,0.14,0.1067,1.0,0.1933,0.2889,0.5432,0.8248175182481752,0.1538461538461538,0.9318890510948904,0.6015384615384616,1.0,1.0,,,,,,,0.7676056338028169,0.25,0.8951415492957747,0.7148249999999999,0.0,0.0,0.0,0.0,0.0378,0.0
qawiki,fixing,deepseek-chat,0.7933,0.7133,0.8867,0.94,0.9467,0.6933,0.38,0.42,0.38,0.8925,0.8845,0.0312,0.7526,0.5727,0.5964,0.5797,0.1133,0.1,0.1867,0.1867,0.3933,0.5829,,,,,,,,,,,,,,,,,0.0,0.0,0.0,0.0,0.0,0.0
qawiki,fixing,deepseek-reasoner,0.5867,0.52,0.68,0.8133,0.9067,0.48,0.1,0.1133,0.0933,0.7372,0.7351,0.0802,0.7272,0.3148,0.2896,0.2818,0.0667,0.0533,0.14,0.1267,0.1022,0.2954,,,,,,,,,,,,,,,,,0.0,0.0,0.0,0.0,0.0288,0.0
qawiki,fixing,gemini-2.0-flash,0.7533,0.6467,0.8067,0.8867,0.9467,0.6333,0.7333,0.7533,0.7267,0.803,0.8483,0.0193,0.8033,0.8361,0.8383,0.8408,0.02,0.0067,0.0067,0.0867,0.7378,0.8384,,,,,,,,,,,,,,,,,0.0,0.0,0.0,0.0,0.0,0.0
qawiki,fixing,gemini-2.5-flash,0.86,0.8867,0.8867,0.9667,0.9267,0.8133,0.68,0.6533,0.6133,0.8998,0.9033,0.073,0.7792,0.7605,0.7503,0.7192,0.1333,0.0867,0.1133,0.1933,0.6489,0.7433,,,,,,,,,,,,,,,,,0.0,0.0,0.0,0.0,0.0178,0.0
qawiki,fixing,gemini-2.5-pro,0.76,0.5933,0.74,0.8667,0.98,0.58,0.4467,0.4533,0.42,0.8519,0.757,0.02,0.7066,0.6166,0.623,0.5838,0.1,0.06,0.06,0.1467,0.44,0.6078,,,,,,,,,,,,,,,,,0.0,0.0,0.0,0.0,0.0,0.0
qawiki,fixing,gpt-4.1-2025-04-14,0.76,0.7467,0.8667,0.9533,0.8933,0.6667,0.5,0.4933,0.4867,0.9013,0.9098,0.0874,0.7795,0.7944,0.789,0.7863,0.0733,0.0733,0.1067,0.12,0.4933,0.7899,,,,,,,,,,,,,,,,,0.0,0.0,0.0,0.0,0.0,0.0
qawiki,fixing,gpt-4.1-mini-2025-04-14,0.7267,0.68,0.8333,0.98,0.8867,0.6,0.3867,0.3733,0.4133,0.869,0.8699,0.0686,0.7808,0.729,0.7245,0.721,0.0867,0.1133,0.2133,0.1333,0.3911,0.7248,,,,,,,,,,,,,,,,,0.0,0.0,0.0,0.0,0.0,0.0
qawiki,fixing,gpt-4.1-nano-2025-04-14,0.4733,0.1733,0.56,0.4267,0.6267,0.1267,0.4867,0.5,0.54,0.5857,0.3823,0.2356,0.2938,0.6356,0.6437,0.6641,0.2333,0.3267,0.38,0.04,0.5089,0.6478,,,,,,,,,,,,,,,,,0.0,0.0178,0.0124,0.0809,0.7371,0.0004
qawiki,fixing,gpt-4o,0.8389,0.7919,0.9195,0.9329,0.9195,0.745,0.5034,0.5369,0.5168,0.5966,0.5783,0.0576,0.5036,0.3555,0.3689,0.3506,0.3826,0.4094,0.4564,0.3893,0.519,0.3583,,,,,,,,,,,,,,,,,0.0,0.0,0.0,0.0,0.0,0.0
qawiki,fixing,gpt-5,0.8933,0.8933,0.9533,0.9867,0.62,0.5133,0.7067,0.7067,0.6867,0.9418,0.9191,0.38,0.4667,0.822,0.8343,0.8067,0.5133,0.5267,0.5067,0.58,0.7,0.821,,,,,,,,,,,,,,,,,0.0,0.0,0.0,0.0,0.2434,0.0
qawiki,fixing,gpt-5-mini,0.86,0.84,0.9533,0.9733,0.7067,0.56,0.7333,0.7667,0.7267,0.8897,0.9187,0.2933,0.4163,0.8109,0.839,0.8203,0.6533,0.6133,0.64,0.6333,0.7422,0.8234,,,,,,,,,,,,,,,,,0.0002,0.0,0.0,0.0,0.0,0.0
qawiki,fixing,gpt-5-nano,0.7533,0.7067,0.8067,0.96,0.7267,0.44,0.6333,0.6533,0.5933,0.8314,0.8437,0.2669,0.4701,0.7281,0.7279,0.7132,0.56,0.48,0.4467,0.5467,0.6266,0.7231,,,,,,,,,,,,,,,,,0.0,0.0,0.0005,0.0,0.0001,0.0
qawiki,fixing,grok-3-mini,0.8533,0.8,0.92,0.9867,0.9333,0.74,0.3867,0.32,0.38,0.9231,0.934,0.0635,0.7428,0.5878,0.5636,0.5961,0.1267,0.1333,0.2267,0.2467,0.3622,0.5825,,,,,,,,,,,,,,,,,0.0,0.0,0.0,0.0,0.1917,0.0
qawiki,fixing,llama3.1:70b,0.5733,0.46,0.68,0.7733,0.8933,0.4133,0.1467,0.1733,0.1467,0.7004,0.7224,0.0639,0.708,0.3565,0.3712,0.365,0.02,0.06,0.14,0.04,0.1556,0.3642,,,,,,,,,,,,,,,,,0.0,0.0,0.0,0.0,0.0001,0.0
qawiki,fixing,llama3.1:8b,0.0933,0.02,0.1467,0.12,0.66,0.0067,0.0067,0.0,0.0267,0.427,0.2836,0.0856,0.2307,0.126,0.1202,0.1375,0.0,0.0067,0.0,0.0,0.0111,0.1279,,,,,,,,,,,,,,,,,0.0005,0.3125,0.0073,0.0133,1.0,0.5
qawiki,fixing,mistral-small:24b,0.66,0.4867,0.6933,0.88,0.96,0.4733,0.58,0.5333,0.5467,0.7737,0.7488,0.0141,0.6267,0.7513,0.7381,0.7446,0.26,0.1667,0.2533,0.24,0.5533,0.7447,,,,,,,,,,,,,,,,,0.0008,0.0,0.0001,0.0,0.0,0.0
qawiki,fixing,o3,0.7067,0.7333,0.8533,0.9,0.9667,0.7,0.38,0.4133,0.4067,0.6446,0.7051,0.0333,0.6443,0.4113,0.4086,0.4298,0.3067,0.2733,0.1933,0.26,0.4,0.4166,,,,,,,,,,,,,,,,,0.0,0.0,0.0,0.0,0.0,0.0
qawiki,wikidata,deepseek-chat,0.28,0.22,0.5867,0.52,0.64,0.1533,,,,0.3778,0.3321,0.1243,0.1627,,,,0.1867,0.1867,0.3533,0.3867,,,,,,,,,,,,,,,,,,,0.0354,0.0214,0.0001,0.0013,0.3179,0.0007
qawiki,wikidata,gemini-2.0-flash,0.1933,0.1133,0.4133,0.4,0.6133,0.0667,,,,0.4295,0.3369,0.0967,0.2301,,,,0.08,0.1067,0.1733,0.18,,,,,,,,,,,,,,,,,,,0.9564,0.7597,0.0998,0.4402,0.8389,0.1938
qawiki,wikidata,gemini-2.5-flash,0.3,0.1667,0.5733,0.4867,0.88,0.1667,,,,0.36,0.3279,0.0189,0.2659,,,,0.28,0.32,0.3,0.32,,,,,,,,,,,,,,,,,,,0.2399,0.9449,0.0124,0.0045,0.2122,0.8192
qawiki,wikidata,gemini-2.5-pro,0.22,0.18,0.4133,0.34,0.7667,0.1667,,,,0.5128,0.4924,0.0374,0.4012,,,,0.0267,0.04,0.0733,0.0667,,,,,,,,,,,,,,,,,,,0.7214,0.1917,0.0138,0.1481,0.6864,0.2517
qawiki,wikidata,gpt-4.1-2025-04-14,0.2533,0.1267,0.4267,0.3867,0.6267,0.08,,,,0.6523,0.5158,0.0997,0.3611,,,,0.0267,0.0267,0.0733,0.06,,,,,,,,,,,,,,,,,,,0.8365,0.1509,0.2122,0.1002,0.6321,0.2539
qawiki,wikidata,gpt-4.1-mini-2025-04-14,0.22,0.06,0.2933,0.2933,0.86,0.0267,,,,0.3749,0.2322,0.0395,0.1811,,,,0.0933,0.1,0.0867,0.2067,,,,,,,,,,,,,,,,,,,0.8923,0.9935,0.9998,0.9155,0.0,0.8906
qawiki,wikidata,gpt-4.1-nano-2025-04-14,0.3,0.06,0.3333,0.5067,0.8933,0.04,,,,0.4664,0.3423,0.0364,0.3188,,,,0.1133,0.0933,0.7467,0.16,,,,,,,,,,,,,,,,,,,0.0551,0.9283,0.9889,0.0002,0.0,0.3633
qawiki,wikidata,gpt-4o,0.92,0.7933,0.8333,0.8733,0.16,0.0,,,,0.92,0.8317,0.835,0.08,,,,0.92,0.9267,0.8533,0.94,,,,,,,,,,,,,,,,,,,0.0,0.0,0.0,0.0,1.0,1.0
qawiki,wikidata,gpt-5,0.82,0.64,0.7867,0.7667,0.5,0.1533,,,,0.8907,0.7825,0.4893,0.3086,,,,0.66,0.6467,0.54,0.5933,,,,,,,,,,,,,,,,,,,0.0001,0.0494,0.0998,0.3038,0.998,0.9408
qawiki,wikidata,gpt-5-mini,0.84,0.6933,0.8,0.8,0.38,0.1,,,,0.8862,0.8178,0.6102,0.2353,,,,0.7133,0.76,0.66,0.7533,,,,,,,,,,,,,,,,,,,0.0007,0.0068,0.0401,0.1325,1.0,0.8867
qawiki,wikidata,gpt-5-nano,0.7667,0.5933,0.7333,0.7933,0.4867,0.1067,,,,0.8253,0.7422,0.5044,0.317,,,,0.7133,0.6733,0.56,0.6933,,,,,,,,,,,,,,,,,,,0.0,0.0017,0.0586,0.0158,0.9992,0.8125
qawiki,wikidata,gpt-oss:20b,0.2333,0.2067,0.4533,0.4533,0.8733,0.1667,,,,0.3486,0.3523,0.072,0.2691,,,,0.2933,0.3,0.2733,0.3667,,,,,,,,,,,,,,,,,,,0.345,0.1537,0.151,0.0325,0.2858,0.0036
qawiki,wikidata,grok-3-mini,0.2733,0.2,0.4933,0.4133,0.8933,0.18,,,,0.4787,0.4617,0.0459,0.3317,,,,0.0867,0.1067,0.1333,0.1733,,,,,,,,,,,,,,,,,,,0.8998,0.8761,0.3776,0.4373,0.6682,0.6612
qawiki,wikidata,llama3.1:70b,0.14,0.04,0.1867,0.1533,0.64,0.0133,,,,0.3923,0.3238,0.1034,0.1807,,,,0.0067,0.0133,0.04,0.04,,,,,,,,,,,,,,,,,,,0.9054,0.7461,0.5,0.939,0.9865,0.875
qawiki,wikidata,llama3.1:8b,0.0267,0.0,0.0933,0.06,0.7867,0.0,,,,0.1863,0.1421,0.0607,0.0632,,,,0.0,0.0,0.0267,0.02,,,,,,,,,,,,,,,,,,,0.1875,1.0,0.1662,0.4018,0.9932,1.0
qawiki,wikidata,mistral-small:24b,0.78,0.6267,0.72,0.72,0.2733,0.0067,,,,0.858,0.7376,0.6992,0.1183,,,,0.68,0.6733,0.78,0.8267,,,,,,,,,,,,,,,,,,,0.0,0.0,0.0,0.0,0.9954,0.5
qawiki,wikidata,o3,0.36,0.22,0.5267,0.3467,0.86,0.1467,,,,0.605,0.5267,0.0883,0.4016,,,,0.1867,0.1933,0.16,0.18,,,,,,,,,,,,,,,,,,,0.0205,0.0466,0.0266,0.111,0.0436,0.1334
qawiki,zero-shot,deepseek-chat,0.2067,0.14,0.4133,0.36,0.6133,0.0533,0.5133,,,0.4224,0.3716,0.1301,0.2252,0.6638,,,0.0867,0.1067,0.2267,0.2067,,,0.2108843537414966,0.0,0.4226680272108843,0.4107666666666666,0.3714285714285714,0.4260869565217391,0.2666666666666666,0.3833333333333333,0.6133333333333333,,0.1300893333333333,,0.1294964028776978,0.2727272727272727,0.3613755395683453,0.5001363636363636,1.0,1.0,1.0,1.0,1.0,1.0
qawiki,zero-shot,deepseek-reasoner,0.12,0.0733,0.28,0.2,0.8267,0.0667,0.3867,,,0.3115,0.2839,0.0311,0.209,0.55,,,0.0467,0.0733,0.0533,0.08,,,0.1171875,0.1363636363636363,0.31315546875,0.3015818181818182,0.2827586206896552,0.2,0.193103448275862,0.4,0.8275862068965517,0.8,0.0298406896551724,0.06666,0.0769230769230769,0.0,0.2849216783216782,0.2624714285714286,1.0,1.0,1.0,1.0,1.0,1.0
qawiki,zero-shot,gemini-2.0-flash,0.2467,0.1267,0.3533,0.3867,0.6533,0.04,0.4667,,,0.4938,0.4025,0.1247,0.2607,0.6483,,,0.0067,0.0133,0.0067,0.02,,,0.2482758620689655,0.2,0.5034110344827586,0.2138999999999999,0.3615384615384615,0.3,0.5416666666666666,0.3571428571428571,0.6666666666666666,0.4444444444444444,0.1279780141843971,0.0733777777777777,0.1111111111111111,0.2083333333333333,0.4011666666666666,0.4094791666666666,1.0,1.0,1.0,1.0,1.0,1.0
qawiki,zero-shot,gemini-2.5-flash,0.26,0.22,0.4533,0.3533,0.8467,0.1933,0.26,,,0.5143,0.4571,0.0414,0.3671,0.5754,,,0.0867,0.1,0.1267,0.14,,,0.2773109243697479,0.1935483870967742,0.5273605042016806,0.4642354838709677,0.4475524475524475,0.5714285714285714,0.3517241379310344,0.4,0.8503401360544217,0.6666666666666666,0.0419870748299319,0.0123333333333333,0.2206896551724138,0.2,0.4644779310344827,0.2424799999999999,1.0,1.0,1.0,1.0,1.0,1.0
qawiki,zero-shot,gemini-2.5-pro,0.2333,0.1467,0.3133,0.2933,0.78,0.14,0.3,,,0.5595,0.4862,0.03,0.4032,0.5939,,,0.0333,0.0267,0.0467,0.0733,,,0.2519083969465648,0.1052631578947368,0.5676290076335877,0.5036631578947369,0.3034482758620689,0.6,0.2857142857142857,0.4,0.7905405405405406,0.0,0.0293891891891891,0.0763,0.1506849315068493,0.0,0.4833739726027397,0.5897749999999999,1.0,1.0,1.0,1.0,1.0,1.0
qawiki,zero-shot,gpt-4.1-2025-04-14,0.28,0.0933,0.3933,0.3333,0.6333,0.06,0.2667,,,0.5849,0.4468,0.0915,0.318,0.5831,,,0.02,0.02,0.0867,0.0867,,,0.2992700729927007,0.0,0.610270802919708,0.2453166666666666,0.3971631205673759,0.5,0.4021739130434782,0.2352941176470588,0.6293706293706294,,0.094697902097902,,0.0909090909090909,,0.4503370629370629,,1.0,1.0,1.0,1.0,1.0,1.0
qawiki,zero-shot,gpt-4.1-mini-2025-04-14,0.26,0.1133,0.4467,0.3533,0.56,0.04,0.3267,,,0.5869,0.4468,0.1624,0.2633,0.5754,,,0.02,0.02,0.0667,0.06,,,0.2846715328467153,0.0,0.596556204379562,0.4851384615384616,0.3962264150943396,0.4742268041237113,0.5757575757575758,0.2905982905982906,0.56,,0.1623839999999999,,0.0958904109589041,0.75,0.4374780821917807,0.786375,1.0,1.0,1.0,1.0,1.0,1.0
qawiki,zero-shot,gpt-4.1-nano-2025-04-14,0.2333,0.0933,0.44,0.3467,0.6533,0.0267,0.94,,,0.4523,0.3773,0.1534,0.2179,0.94,,,0.0667,0.0933,0.2,0.1333,,,0.2747252747252747,0.1694915254237288,0.4892725274725274,0.3952423728813559,0.4583333333333333,0.4230769230769231,0.3536585365853658,0.3382352941176471,0.6494845360824743,0.660377358490566,0.1793113402061855,0.1059943396226415,,0.0933333333333333,,0.377306,1.0,1.0,1.0,1.0,1.0,1.0
qawiki,zero-shot,gpt-4o,0.42,0.32,0.4867,0.4733,0.6267,0.0533,0.74,,,0.5852,0.5242,0.2922,0.1985,0.1983,,,0.2867,0.3067,0.3533,0.48,,,0.4184397163120567,0.4444444444444444,0.5908780141843972,0.4970222222222222,0.5,0.4811320754716981,0.4705882352941176,0.4736842105263157,0.6266666666666667,,0.292226,,0.3297872340425531,0.3035714285714285,0.5603691489361702,0.4634999999999999,1.0,1.0,1.0,1.0,1.0,1.0
qawiki,zero-shot,gpt-5,0.68,0.5667,0.7267,0.74,0.5867,0.1867,0.5267,,,0.7996,0.7421,0.3908,0.3803,0.7286,,,0.5467,0.5267,0.44,0.5267,,,0.7022900763358778,0.5263157894736842,0.8083290076335877,0.7391157894736842,0.7210884353741497,1.0,0.7414965986394558,0.6666666666666666,0.6027397260273972,0.0,0.3799198630136986,0.7894749999999999,0.5633802816901409,0.625,0.735674647887324,0.8558125,1.0,1.0,1.0,1.0,1.0,1.0
qawiki,zero-shot,gpt-5-mini,0.7133,0.5933,0.7267,0.7533,0.52,0.12,0.52,,,0.7931,0.7254,0.4686,0.2931,0.6695,,,0.6333,0.5933,0.54,0.6533,,,0.7265625,0.6363636363636364,0.8105710937499999,0.6915363636363636,0.7297297297297297,0.5,0.7602739726027398,0.5,0.5314685314685315,0.2857142857142857,0.4565797202797202,0.7142857142857143,0.5902777777777778,0.6666666666666666,0.7263583333333332,0.7031333333333333,1.0,1.0,1.0,1.0,1.0,1.0
qawiki,zero-shot,gpt-5-nano,0.56,0.48,0.66,0.6933,0.5867,0.1133,0.08,,,0.6779,0.6599,0.3889,0.3405,0.08,,,0.5333,0.5067,0.4467,0.6067,,,0.5606060606060606,0.5555555555555556,0.6825121212121212,0.6438111111111111,0.6715328467153284,0.5384615384615384,0.6834532374100719,0.8181818181818182,0.5681818181818182,0.7222222222222222,0.4040946969696969,0.2777777777777778,0.4710144927536231,0.5833333333333334,0.6506253623188407,0.7668583333333333,1.0,1.0,1.0,1.0,1.0,1.0
qawiki,zero-shot,gpt-oss:20b,0.2133,0.1667,0.4,0.36,0.8467,0.08,0.2933,,,0.3916,0.3558,0.1037,0.225,0.4965,,,0.1867,0.2,0.1933,0.2933,,,0.2158273381294964,0.1818181818181818,0.3989820143884892,0.2979727272727273,0.3857142857142857,0.6,0.3472222222222222,0.6666666666666666,0.8561151079136691,0.7272727272727273,0.0963194244604316,0.1969727272727272,0.1748251748251748,0.0,0.3697902097902099,0.0707285714285714,1.0,1.0,1.0,1.0,1.0,1.0
qawiki,zero-shot,grok-3-mini,0.3133,0.2333,0.4733,0.4,0.9,0.1867,0.3467,,,0.5919,0.5098,0.0644,0.371,0.5385,,,0.1,0.1,0.1067,0.2,,,0.3333333333333333,0.1666666666666666,0.6150325757575759,0.422611111111111,0.4791666666666667,0.3333333333333333,0.3862068965517241,0.8,0.9178082191780822,0.25,0.0589698630136986,0.260725,0.2328767123287671,0.25,0.5083780821917807,0.5617,1.0,1.0,1.0,1.0,1.0,1.0
qawiki,zero-shot,llama3.1:70b,0.1733,0.0467,0.18,0.2,0.74,0.02,0.1467,,,0.3863,0.2803,0.0948,0.1695,0.4186,,,0.0267,0.0533,0.06,0.0933,,,0.1756756756756756,0.0,0.3884554054054054,0.22725,0.25,0.1739130434782608,0.1590909090909091,0.2169811320754717,0.74,,0.0948193333333333,,0.0472972972972973,0.0,0.2779878378378378,0.4524,1.0,1.0,1.0,1.0,1.0,1.0
qawiki,zero-shot,llama3.1:8b,0.0067,0.0067,0.06,0.0467,0.8733,0.0,0.0133,,,0.1259,0.0992,0.0326,0.0472,0.2243,,,0.02,0.0,0.04,0.0867,,,,,,,,,,,,,,,,,,,1.0,1.0,1.0,1.0,1.0,1.0
qawiki,zero-shot,mistral-small:24b,0.4667,0.28,0.48,0.4933,0.4067,0.0,0.3733,,,0.6372,0.5151,0.4376,0.1871,0.5789,,,0.3,0.34,0.4267,0.4267,,,0.4927536231884058,0.1666666666666666,0.658086231884058,0.397,,0.48,0.3333333333333333,0.4965986394557823,0.4066666666666667,,0.437602,,0.1818181818181818,0.296875,0.4677727272727272,0.523259375,1.0,1.0,1.0,1.0,1.0,1.0
qawiki,zero-shot,o3,0.2733,0.16,0.44,0.2867,0.7933,0.1133,0.2867,,,0.5362,0.4401,0.1025,0.3366,0.5253,,,0.16,0.1667,0.1733,0.14,,,0.291970802919708,0.0769230769230769,0.5574167883211678,0.3131384615384615,0.4315068493150685,0.75,0.296551724137931,0.0,0.8111888111888111,0.4285714285714285,0.091720979020979,0.3220999999999999,0.158273381294964,0.1818181818181818,0.4329669064748201,0.5307181818181818,1.0,1.0,1.0,1.0,1.0,1.0
spinach,classification,deepseek-chat,0.9867,0.84,0.9267,0.92,0.72,0.5867,0.5133,0.4733,0.56,0.9994,0.9646,0.2515,0.6791,0.7468,0.6856,0.7301,0.2267,0.2267,0.2533,0.2933,0.5155,0.7208,,,,,,,,,,,,,,,,,0.0,0.0,0.0,0.0,0.007,0.0
spinach,classification,deepseek-reasoner,0.7733,0.8867,0.8933,0.9533,0.5867,0.5,0.42,0.3933,0.5267,0.8386,0.9414,0.4047,0.5648,0.5737,0.5687,0.7179,0.2267,0.2333,0.3467,0.3867,0.4467,0.6201,,,,,,,,,,,,,,,,,0.0,0.0,0.0,0.0,1.0,0.0
spinach,classification,gemini-2.0-flash,0.8867,0.86,1.0,0.9667,0.66,0.56,0.4267,0.3733,0.3267,0.9208,0.8788,0.2541,0.5401,0.6547,0.5754,0.5565,0.1467,0.14,1.0,0.4,0.3756,0.5955,0.8866666666666667,,0.920802,,1.0,1.0,,,,,,,0.7,0.8692307692307693,0.69579,0.9000446153846153,0.0,0.0,0.0,0.0,0.6873,0.0
spinach,classification,gemini-2.5-flash,0.9267,0.9133,1.0,0.9667,0.9,0.82,0.3667,0.3733,0.3467,0.9461,0.9416,0.0934,0.8052,0.6205,0.6056,0.624,0.0933,0.0733,1.0,0.1733,0.3622,0.6167,0.9545454545454546,0.7222222222222222,0.9570704545454546,0.86605,1.0,1.0,,,,,,,0.927007299270073,0.7692307692307693,0.943807299270073,0.918123076923077,0.0,0.0,0.0,0.0,0.1325,0.0
spinach,classification,gemini-2.5-pro,0.8,0.7667,1.0,0.88,0.92,0.7067,0.3867,0.3467,0.3067,0.8609,0.8735,0.0743,0.7962,0.6403,0.6053,0.6036,0.1,0.12,1.0,0.1533,0.3467,0.6164,0.8837209302325582,0.2857142857142857,0.9027387596899225,0.6038714285714286,1.0,1.0,,,,,,,0.7898550724637681,0.5,0.8985391304347826,0.5849333333333333,0.0,0.0,0.0,0.0,0.01,0.0
spinach,classification,gpt-4.1-2025-04-14,0.9267,0.8533,0.6467,0.96,0.84,0.7067,0.2667,0.2667,0.3,0.9788,0.9758,0.1376,0.8143,0.6085,0.5578,0.6019,0.0333,0.0333,0.0867,0.16,0.2778,0.5894,0.9577464788732394,0.375,0.9904464788732396,0.7726625,0.6442953020134228,1.0,,,,,,,0.8551724137931035,0.8,0.976524827586207,0.95556,0.0,0.0,0.0027,0.0,0.0,0.0
spinach,classification,gpt-4.1-mini-2025-04-14,0.9467,0.82,0.5733,0.9,0.7467,0.5733,0.3667,0.3867,0.4267,0.9793,0.9461,0.2379,0.6587,0.5982,0.6016,0.6552,0.1867,0.18,0.14,0.3067,0.3934,0.6183,0.9645390070921984,0.6666666666666666,0.9811787234042554,0.9497777777777778,0.5769230769230769,0.5714285714285714,,,,,,,0.835820895522388,0.6875,0.9504776119402986,0.90921875,0.0,0.0,0.4439,0.0,0.0,0.0
spinach,classification,gpt-4.1-nano-2025-04-14,0.9733,0.5867,0.7467,0.5933,0.3733,0.0,0.9867,0.9933,0.9867,0.9733,0.7567,0.6267,0.0067,0.9867,0.9933,0.9867,1.0,0.9733,0.74,0.5867,0.9889,0.9889,0.967479674796748,1.0,0.967479674796748,1.0,0.7111111111111111,0.7619047619047619,,,,,,,,0.5866666666666667,,0.7566666666666667,0.0,0.0,0.0005,0.0048,0.9999,1.0
spinach,classification,gpt-4o,0.98,0.9533,0.9733,0.9867,0.4333,0.3867,0.6867,0.2133,0.28,0.4551,0.9902,0.5667,0.3985,0.3163,0.3233,0.3368,0.54,0.54,0.56,0.5933,0.3933,0.3255,0.9863013698630136,0.75,0.4619684931506849,0.205875,,,,,,,,,1.0,0.9772727272727272,1.0,0.9938238636363635,0.0,0.0,0.0,0.0,1.0,0.0
spinach,classification,gpt-5,0.9333,0.86,1.0,0.9733,0.7,0.5667,0.62,0.6067,0.6133,0.9625,0.9308,0.2946,0.6592,0.7761,0.787,0.7876,0.3,0.2933,1.0,0.3867,0.6133,0.7836,0.9640287769784172,0.5454545454545454,0.977064748201439,0.7784272727272726,1.0,1.0,,,,,,,0.8920863309352518,0.4545454545454545,0.942163309352518,0.7873363636363636,0.0,0.0,0.0,0.0,0.7142,0.0
spinach,classification,gpt-5-mini,0.9,0.6267,1.0,0.76,0.6533,0.3,0.6467,0.6333,0.62,0.9204,0.7496,0.3467,0.4298,0.7631,0.7637,0.7533,0.4667,0.4333,1.0,0.4467,0.6333,0.76,0.9078014184397164,0.7777777777777778,0.9295539007092196,0.7777777777777778,1.0,1.0,,,,,,,0.6357142857142857,0.5,0.7527078571428572,0.7059599999999999,0.0,0.0063,0.0,0.1163,0.1537,0.0002
spinach,classification,gpt-5-nano,0.7533,0.7,1.0,0.78,0.2067,0.0067,0.1133,0.5133,0.1,0.7567,0.7682,0.7933,0.0769,0.1208,0.5185,0.11,0.12,0.1333,1.0,0.02,0.2422,0.2498,0.7867647058823529,0.4285714285714285,0.7904411764705882,0.4285714285714285,1.0,1.0,,,,,,,0.746268656716418,0.3125,0.8014395522388059,0.4895812499999999,0.015,0.0,0.0,0.0093,1.0,1.0
spinach,classification,gpt-oss:20b,0.6267,0.4667,1.0,0.7,0.8467,0.3733,0.3133,0.26,0.2933,0.7483,0.7751,0.0876,0.58,0.4812,0.4713,0.4501,0.1667,0.12,1.0,0.2533,0.2889,0.4675,0.6413793103448275,0.2,0.7509186206896552,0.67222,1.0,1.0,,,,,,,0.4652777777777778,0.5,0.7704819444444444,0.8852333333333333,0.0,0.0,0.0,0.0,0.5,0.0
spinach,classification,grok-3-mini,0.9,0.7467,1.0,0.8733,0.88,0.6333,0.4533,0.3867,0.4067,0.9583,0.9379,0.1106,0.77,0.6843,0.6474,0.6459,0.1067,0.1067,1.0,0.18,0.4156,0.6592,0.9416058394160584,0.4615384615384615,0.9814963503649636,0.7135461538461538,1.0,1.0,,,,,,,0.7569444444444444,0.5,0.9414145833333332,0.8539,0.0,0.0,0.0,0.0,0.5722,0.0
spinach,classification,llama3.1:70b,0.8067,0.5933,1.0,0.86,0.94,0.5667,0.2333,0.22,0.24,0.9024,0.8631,0.0235,0.7901,0.5097,0.4861,0.5062,0.0067,0.02,1.0,0.0467,0.2311,0.5007,0.8108108108108109,0.5,0.901745945945946,0.95455,1.0,1.0,,,,,,,0.6057692307692307,0.5652173913043478,0.8776028846153847,0.8301760869565217,0.0,0.0,0.0,0.0,0.0,0.0
spinach,classification,llama3.1:8b,0.2067,0.0533,1.0,0.3133,0.7,0.0333,0.0467,0.0333,0.0267,0.6022,0.5033,0.0949,0.3606,0.324,0.2737,0.2779,0.0,0.0,1.0,0.0,0.0356,0.2919,0.0,0.2152777777777778,0.5413,0.6047055555555556,1.0,1.0,,,,,,,0.0,0.0610687022900763,0.4970631578947369,0.5041839694656488,0.0,0.0039,0.0,0.0,0.988,0.0312
spinach,classification,mistral-small:24b,0.84,0.5067,1.0,0.74,0.78,0.3733,0.36,0.2467,0.3067,0.9167,0.7588,0.1898,0.5804,0.5832,0.4896,0.5246,0.12,0.1267,1.0,0.1533,0.3045,0.5325,0.8865248226950354,0.1111111111111111,0.9291106382978722,0.7224888888888888,,1.0,,,,,,,0.5,0.5067567567567568,0.5,0.7623445945945946,0.0,0.0,0.0,0.0,0.0001,0.0
spinach,classification,o3,0.8,0.78,0.5333,0.88,0.94,0.7333,0.38,0.36,0.3867,0.9275,0.878,0.0537,0.8104,0.6588,0.5964,0.6194,0.12,0.1,0.0933,0.1333,0.3756,0.6249,0.821917808219178,0.0,0.9392719178082192,0.497025,0.528169014084507,0.625,,,,,,,0.8,0.5,0.8868642857142858,0.7538799999999999,0.0,0.0,0.8837,0.0,0.1796,0.0
spinach,fixing,deepseek-chat,0.8267,0.7467,0.8867,0.9533,0.96,0.7333,0.4667,0.46,0.5067,0.9232,0.9161,0.0239,0.7704,0.7327,0.7319,0.752,0.0533,0.0533,0.12,0.1733,0.4778,0.7389,,,,,,,,,,,,,,,,,0.0,0.0,0.0,0.0,0.0,0.0
spinach,fixing,deepseek-reasoner,0.6467,0.5333,0.6667,0.8467,0.8933,0.5,0.1933,0.1733,0.1667,0.8036,0.8206,0.0845,0.7548,0.4319,0.4514,0.4066,0.0467,0.06,0.0867,0.0467,0.1778,0.43,,,,,,,,,,,,,,,,,0.0,0.0,0.0,0.0,0.1215,0.0
spinach,fixing,gemini-2.0-flash,0.7667,0.7733,0.8867,0.9133,0.9733,0.7667,0.7933,0.78,0.7467,0.8136,0.9152,0.014,0.8039,0.8713,0.8616,0.8323,0.0267,0.0,0.0133,0.12,0.7733,0.8551,,,,,,,,,,,,,,,,,0.0,0.0,0.0,0.0,0.0,0.0
spinach,fixing,gemini-2.5-flash,0.8733,0.8667,0.8467,0.9667,0.9733,0.84,0.6533,0.7333,0.6667,0.9042,0.9076,0.0213,0.8107,0.7627,0.8087,0.799,0.0867,0.04,0.0467,0.1733,0.6844,0.7901,,,,,,,,,,,,,,,,,0.0,0.0,0.0,0.0,0.0003,0.0
spinach,fixing,gemini-2.5-pro,0.8067,0.8133,0.7733,0.9733,0.98,0.8067,0.5933,0.5533,0.54,0.9041,0.9203,0.0175,0.8446,0.7701,0.7532,0.7434,0.06,0.02,0.02,0.14,0.5622,0.7556,,,,,,,,,,,,,,,,,0.0,0.0,0.0,0.0,0.0,0.0
spinach,fixing,gpt-4.1-2025-04-14,0.9067,0.76,0.9467,0.9267,1.0,0.76,0.6333,0.6467,0.6333,0.9275,0.9078,0.0,0.8206,0.8455,0.8494,0.8417,0.0333,0.0333,0.0733,0.1133,0.6378,0.8455,,,,,,,,,,,,,,,,,0.0,0.0,0.0,0.0,0.0,0.0
spinach,fixing,gpt-4.1-mini-2025-04-14,0.8533,0.7533,0.8867,0.98,0.9667,0.7467,0.5667,0.5733,0.5533,0.9138,0.8935,0.0165,0.7935,0.7759,0.7902,0.7916,0.0267,0.02,0.0467,0.1267,0.5644,0.7859,,,,,,,,,,,,,,,,,0.0,0.0,0.0,0.0,0.0,0.0
spinach,fixing,gpt-4.1-nano-2025-04-14,0.76,0.44,0.6467,0.7067,0.6133,0.3133,0.26,0.24,0.5333,0.6881,0.4969,0.1927,0.3241,0.3253,0.3042,0.5406,0.2,0.1733,0.14,0.1867,0.3444,0.39,,,,,,,,,,,,,,,,,0.0,0.0,0.0361,0.0,0.3101,0.0
spinach,fixing,gpt-4o,0.9533,0.8067,0.9267,0.9667,0.9533,0.78,0.6133,0.5933,0.5933,0.7168,0.7235,0.0362,0.5894,0.5886,0.579,0.5889,0.3,0.2933,0.2533,0.3267,0.6,0.5855,,,,,,,,,,,,,,,,,0.0,0.0,0.0,0.0,0.0,0.0
spinach,fixing,gpt-5,0.94,0.84,0.94,0.9733,0.78,0.6267,0.7267,0.62,0.6533,0.9592,0.8977,0.22,0.6842,0.8527,0.7902,0.816,0.3533,0.3533,0.3333,0.3867,0.6667,0.8196,,,,,,,,,,,,,,,,,0.0,0.0,0.0,0.0,0.0106,0.0
spinach,fixing,gpt-5-mini,0.8933,0.7867,0.92,0.9333,0.7467,0.5533,0.7133,0.74,0.7067,0.9262,0.8639,0.2516,0.5143,0.7875,0.8356,0.8049,0.5267,0.4733,0.56,0.48,0.72,0.8093,,,,,,,,,,,,,,,,,0.0,0.0,0.0,0.0,0.0003,0.0
spinach,fixing,gpt-5-nano,0.8533,0.7467,0.8533,0.9867,0.8067,0.5533,0.6333,0.6533,0.6133,0.9005,0.8363,0.1806,0.5846,0.7468,0.8044,0.7705,0.4133,0.3533,0.3733,0.5133,0.6333,0.7739,,,,,,,,,,,,,,,,,0.0,0.0,0.0,0.0,0.0011,0.0
spinach,fixing,grok-3-mini,0.8933,0.8533,0.9133,0.98,0.9867,0.84,0.4067,0.4667,0.4267,0.9354,0.9374,0.0133,0.7327,0.6547,0.7053,0.6644,0.08,0.0867,0.1067,0.26,0.4334,0.6748,,,,,,,,,,,,,,,,,0.0,0.0,0.0,0.0,0.0002,0.0
spinach,fixing,llama3.1:70b,0.5933,0.5467,0.7267,0.8267,0.9667,0.54,0.2533,0.2667,0.24,0.7508,0.8176,0.0107,0.7583,0.5101,0.5157,0.5142,0.0,0.06,0.0733,0.06,0.2533,0.5133,,,,,,,,,,,,,,,,,0.0,0.0,0.0,0.0,0.0,0.0
spinach,fixing,llama3.1:8b,0.12,0.04,0.1733,0.1267,0.56,0.0267,0.02,0.0133,0.02,0.4342,0.3653,0.1351,0.2416,0.1657,0.1654,0.1914,0.0,0.0,0.0067,0.0,0.0178,0.1742,,,,,,,,,,,,,,,,,0.0007,0.0156,0.0045,0.0925,1.0,0.0625
spinach,fixing,mistral-small:24b,0.7867,0.5,0.7267,0.8733,0.9467,0.48,0.5,0.54,0.52,0.8546,0.718,0.0254,0.63,0.727,0.7243,0.7362,0.12,0.06,0.16,0.16,0.52,0.7292,,,,,,,,,,,,,,,,,0.0,0.0,0.0,0.0,0.0,0.0
spinach,fixing,o3,0.8,0.7667,0.94,0.92,0.9667,0.7467,0.3733,0.38,0.3733,0.8361,0.8607,0.0242,0.7798,0.5516,0.5745,0.5787,0.1333,0.1067,0.08,0.16,0.3755,0.5683,,,,,,,,,,,,,,,,,0.0,0.0,0.0,0.0,0.0245,0.0
spinach,wikidata,deepseek-chat,0.32,0.2067,0.5267,0.5533,0.62,0.14,,,,0.5286,0.4744,0.1347,0.2088,,,,0.0933,0.1067,0.1533,0.3267,,,,,,,,,,,,,,,,,,,0.57,0.0539,0.1215,0.0077,0.1215,0.0176
spinach,wikidata,gemini-2.0-flash,0.3467,0.1733,0.54,0.48,0.62,0.1067,,,,0.6206,0.4799,0.1089,0.2732,,,,0.0267,0.04,0.1267,0.22,,,,,,,,,,,,,,,,,,,0.9552,0.0173,0.0158,0.0004,0.9414,0.0037
spinach,wikidata,gemini-2.5-flash,0.3667,0.28,0.5333,0.6133,0.9067,0.28,,,,0.4799,0.4381,0.0185,0.3343,,,,0.2267,0.2,0.26,0.2867,,,,,,,,,,,,,,,,,,,0.2712,0.6254,0.2051,0.015,0.0843,0.5
spinach,wikidata,gemini-2.5-pro,0.3067,0.32,0.56,0.4733,0.8133,0.3,,,,0.665,0.6308,0.0251,0.5227,,,,0.0067,0.0133,0.06,0.0533,,,,,,,,,,,,,,,,,,,0.5,0.0023,0.0014,0.1279,0.6358,0.0005
spinach,wikidata,gpt-4.1-2025-04-14,0.5,0.2133,0.5667,0.44,0.6467,0.1533,,,,0.798,0.62,0.0972,0.3664,,,,0.0,0.0,0.04,0.0933,,,,,,,,,,,,,,,,,,,0.3089,0.5,0.1405,0.4073,0.4194,0.2272
spinach,wikidata,gpt-4.1-mini-2025-04-14,0.24,0.1,0.36,0.2733,0.8,0.0467,,,,0.4002,0.293,0.0662,0.1388,,,,0.04,0.0867,0.0133,0.1867,,,,,,,,,,,,,,,,,,,1.0,0.9996,1.0,0.9955,0.0,0.9648
spinach,wikidata,gpt-4.1-nano-2025-04-14,0.3333,0.0667,0.3267,0.52,0.7733,0.02,,,,0.6103,0.3453,0.0773,0.2521,,,,0.0267,0.0467,0.5933,0.1333,,,,,,,,,,,,,,,,,,,0.678,0.9987,1.0,0.0395,0.0,0.8555
spinach,wikidata,gpt-4o,0.84,0.68,0.7533,0.7933,0.24,0.02,,,,0.8522,0.7537,0.7464,0.1227,,,,0.7667,0.7867,0.8067,0.8867,,,,,,,,,,,,,,,,,,,0.0,0.0,0.0027,0.0,1.0,1.0
spinach,wikidata,gpt-5,0.7533,0.5867,0.7533,0.7533,0.62,0.2533,,,,0.8193,0.7381,0.3349,0.4366,,,,0.4533,0.5,0.3733,0.46,,,,,,,,,,,,,,,,,,,0.004,0.0013,0.0205,0.0595,0.9992,0.1917
spinach,wikidata,gpt-5-mini,0.8,0.6467,0.76,0.8133,0.5067,0.1933,,,,0.8498,0.764,0.4699,0.3606,,,,0.5867,0.5933,0.52,0.6267,,,,,,,,,,,,,,,,,,,0.0047,0.0001,0.002,0.0038,0.9999,0.0717
spinach,wikidata,gpt-5-nano,0.76,0.52,0.6867,0.7667,0.5933,0.18,,,,0.8474,0.7151,0.3758,0.4142,,,,0.5467,0.5267,0.42,0.5667,,,,,,,,,,,,,,,,,,,0.0022,0.0122,0.0427,0.0022,0.9981,0.6128
spinach,wikidata,gpt-oss:20b,0.3333,0.1933,0.4333,0.42,0.8867,0.1733,,,,0.507,0.4139,0.051,0.2952,,,,0.18,0.2267,0.1933,0.2267,,,,,,,,,,,,,,,,,,,0.0138,0.0178,0.0814,0.0023,0.1239,0.0033
spinach,wikidata,grok-3-mini,0.3533,0.2333,0.5867,0.52,0.8867,0.22,,,,0.6066,0.5324,0.0401,0.3872,,,,0.0733,0.1067,0.0933,0.1867,,,,,,,,,,,,,,,,,,,0.3555,0.939,0.3038,0.1684,0.5,0.9564
spinach,wikidata,llama3.1:70b,0.2867,0.1267,0.3667,0.2467,0.6667,0.0267,,,,0.5241,0.4072,0.1191,0.1716,,,,0.0067,0.0067,0.0067,0.0267,,,,,,,,,,,,,,,,,,,0.0466,0.1051,0.2307,0.7878,0.9734,1.0
spinach,wikidata,llama3.1:8b,0.06,0.0267,0.1133,0.08,0.6467,0.0,,,,0.2847,0.2264,0.1076,0.0984,,,,0.0067,0.0133,0.0133,0.0067,,,,,,,,,,,,,,,,,,,0.0898,0.0625,0.0946,0.5,0.9996,1.0
spinach,wikidata,mistral-small:24b,0.7333,0.4667,0.64,0.62,0.3533,0.0,,,,0.8042,0.6335,0.6104,0.1274,,,,0.56,0.58,0.62,0.7733,,,,,,,,,,,,,,,,,,,0.0,0.0001,0.007,0.0007,1.0,1.0
spinach,wikidata,o3,0.4267,0.3,0.5533,0.48,0.9333,0.2733,,,,0.7115,0.6097,0.0166,0.5156,,,,0.0733,0.0733,0.0333,0.0667,,,,,,,,,,,,,,,,,,,0.4321,0.9242,0.8275,0.9002,0.2272,0.9331
spinach,zero-shot,deepseek-chat,0.32,0.1467,0.4667,0.4333,0.5667,0.08,0.5133,,,0.5752,0.4519,0.1474,0.2109,0.7468,,,0.04,0.04,0.0933,0.2467,,,0.3129251700680272,0.6666666666666666,0.5729326530612245,0.6864666666666667,0.421875,0.5,0.3793103448275862,0.4462809917355372,0.5704697986577181,0.0,0.1480147651006711,0.0625,0.1333333333333333,0.2666666666666666,0.4406422222222222,0.5529066666666667,1.0,1.0,1.0,1.0,1.0,1.0
spinach,zero-shot,deepseek-reasoner,0.1667,0.1133,0.4133,0.2933,0.84,0.1,0.42,,,0.4724,0.4071,0.0403,0.2956,0.5737,,,0.0467,0.06,0.0333,0.0667,,,0.1732283464566929,0.0,0.4850448818897638,0.3810428571428571,0.4160583941605839,0.5,0.2846715328467153,0.25,0.8296296296296296,1.0,0.0429785185185185,0.0,0.126865671641791,0.0,0.4217798507462686,0.2574428571428571,1.0,1.0,1.0,1.0,1.0,1.0
spinach,zero-shot,gemini-2.0-flash,0.4067,0.1,0.44,0.32,0.68,0.0333,0.4267,,,0.6494,0.4699,0.115,0.2675,0.6547,,,0.0067,0.0,0.0133,0.0,,,0.4178082191780822,0.0,0.6636369863013698,0.129125,0.4,0.8,0.4102564102564102,0.2882882882882883,0.678082191780822,0.75,0.1168198630136986,0.048075,0.0852713178294573,0.1904761904761904,0.470331007751938,0.467,1.0,1.0,1.0,1.0,1.0,1.0
spinach,zero-shot,gemini-2.5-flash,0.3333,0.2867,0.4867,0.5,0.8533,0.2733,0.3667,,,0.5974,0.5385,0.0201,0.4301,0.6205,,,0.08,0.0533,0.08,0.1067,,,0.3333333333333333,0.3333333333333333,0.6118106060606061,0.4913611111111111,0.4896551724137931,0.4,0.4861111111111111,0.8333333333333334,0.8561643835616438,0.75,0.0205342465753424,0.003,0.2887323943661972,0.25,0.5424845070422536,0.4672875,1.0,1.0,1.0,1.0,1.0,1.0
spinach,zero-shot,gemini-2.5-pro,0.3,0.2067,0.4267,0.42,0.82,0.18,0.3867,,,0.6364,0.5555,0.0217,0.4456,0.6403,,,0.0267,0.02,0.0667,0.06,,,0.3260869565217391,0.0,0.6626347826086957,0.3343916666666666,0.4246575342465753,0.5,0.4202898550724637,0.4166666666666667,0.8163265306122449,1.0,0.022191156462585,0.0,0.2137931034482758,0.0,0.560048275862069,0.4248999999999999,1.0,1.0,1.0,1.0,1.0,1.0
spinach,zero-shot,gpt-4.1-2025-04-14,0.4733,0.2067,0.52,0.4267,0.6333,0.1267,0.2667,,,0.7449,0.5839,0.1198,0.3481,0.6085,,,0.0,0.0133,0.04,0.0933,,,0.4701492537313433,0.375,0.749679104477612,0.5465625,0.5035460992907801,1.0,0.4736842105263157,0.3404255319148936,0.6382978723404256,0.0,0.1224900709219858,0.0417,0.2,0.5,0.5804564285714287,0.5392,1.0,1.0,1.0,1.0,1.0,1.0
spinach,zero-shot,gpt-4.1-mini-2025-04-14,0.44,0.1933,0.56,0.3933,0.4933,0.0733,0.3667,,,0.7336,0.5745,0.1777,0.276,0.5982,,,0.0067,0.0133,0.0133,0.0667,,,0.4366197183098591,0.5,0.7362950704225352,0.68635,0.4,0.6526315789473685,0.391304347826087,0.3937007874015748,0.4966442953020134,0.0,0.1771624161073825,0.2632,0.1830985915492957,0.375,0.567711971830986,0.6945625,1.0,1.0,1.0,1.0,1.0,1.0
spinach,zero-shot,gpt-4.1-nano-2025-04-14,0.3467,0.1467,0.5467,0.4333,0.58,0.0333,0.9867,,,0.6225,0.4586,0.2318,0.1702,0.9867,,,0.0333,0.0333,0.0867,0.12,,,0.375,0.2333333333333333,0.6389183333333333,0.5567366666666668,0.6153846153846154,0.5102040816326531,0.4222222222222222,0.4380952380952381,0.5904761904761905,0.5555555555555556,0.2547380952380952,0.1783044444444444,,0.1466666666666666,,0.4586279999999999,1.0,1.0,1.0,1.0,1.0,1.0
spinach,zero-shot,gpt-4o,0.56,0.2867,0.58,0.5267,0.68,0.0933,0.6867,,,0.7444,0.5784,0.2265,0.2971,0.3163,,,0.2533,0.2267,0.24,0.46,,,0.5704225352112676,0.375,0.7597429577464788,0.4724125,0.6037735849056604,0.5670103092783505,0.6470588235294118,0.5112781954887218,0.6778523489932886,1.0,0.2280181208053691,0.0,0.2857142857142857,0.2884615384615384,0.5931867346938775,0.5505826923076923,1.0,1.0,1.0,1.0,1.0,1.0
spinach,zero-shot,gpt-5,0.6333,0.46,0.6667,0.6733,0.7133,0.22,0.62,,,0.7885,0.6965,0.242,0.4508,0.7761,,,0.38,0.3667,0.3,0.34,,,0.6304347826086957,0.6666666666666666,0.789255072463768,0.7797583333333332,0.668918918918919,0.5,0.6756756756756757,0.5,0.7394366197183099,0.25,0.2190225352112676,0.65,0.4525547445255474,0.5384615384615384,0.7023919708029197,0.6342692307692308,1.0,1.0,1.0,1.0,1.0,1.0
spinach,zero-shot,gpt-5-mini,0.6867,0.5,0.64,0.7,0.6133,0.1467,0.6467,,,0.8047,0.6858,0.3581,0.3525,0.7631,,,0.5067,0.48,0.3933,0.5333,,,0.6861313868613139,0.6923076923076923,0.8102649635036497,0.7456153846153847,0.6418918918918919,0.5,0.697986577181208,1.0,0.6376811594202898,0.3333333333333333,0.3312384057971014,0.6666666666666666,0.5106382978723404,0.3333333333333333,0.6880000000000001,0.6510888888888889,1.0,1.0,1.0,1.0,1.0,1.0
spinach,zero-shot,gpt-5-nano,0.6333,0.4267,0.6,0.64,0.6867,0.18,0.1133,,,0.7653,0.6138,0.2881,0.3742,0.1208,,,0.42,0.42,0.32,0.4533,,,0.6277372262773723,0.6923076923076923,0.7600744525547446,0.8204153846153847,0.5967741935483871,0.6153846153846154,0.656934306569343,0.4615384615384615,0.71875,0.5,0.2516640625,0.5,0.4264705882352941,0.4285714285714285,0.6073235294117647,0.6771428571428572,1.0,1.0,1.0,1.0,1.0,1.0
spinach,zero-shot,gpt-oss:20b,0.2333,0.1133,0.3733,0.2867,0.84,0.08,0.3133,,,0.4188,0.3527,0.0663,0.2249,0.4812,,,0.1533,0.14,0.1333,0.1733,,,0.2463768115942029,0.0833333333333333,0.4257413043478261,0.3388083333333333,0.3722627737226277,0.3846153846153846,0.2808219178082192,0.5,0.835820895522388,0.875,0.0685895522388059,0.046875,0.108695652173913,0.1666666666666666,0.3502644927536232,0.3809666666666667,1.0,1.0,1.0,1.0,1.0,1.0
spinach,zero-shot,grok-3-mini,0.3333,0.28,0.56,0.4733,0.88,0.2733,0.4533,,,0.6448,0.626,0.0362,0.4674,0.6843,,,0.04,0.06,0.08,0.1333,,,0.3405797101449275,0.25,0.6432818840579709,0.6620833333333332,0.5531914893617021,0.6666666666666666,0.4685314685314685,0.5714285714285714,0.8775510204081632,1.0,0.0369204081632653,0.0,0.2876712328767123,0.0,0.6357890410958904,0.269575,1.0,1.0,1.0,1.0,1.0,1.0
spinach,zero-shot,llama3.1:70b,0.2267,0.0867,0.3267,0.2667,0.74,0.0467,0.2333,,,0.4931,0.3891,0.0852,0.2136,0.5097,,,0.0133,0.0,0.0067,0.0667,,,0.2297297297297297,0.0,0.493325,0.47725,0.1666666666666666,0.3405797101449275,0.2903225806451613,0.2605042016806723,0.7432432432432432,0.5,0.0846554054054054,0.125,0.0816326530612244,0.3333333333333333,0.386925850340136,0.4951,1.0,1.0,1.0,1.0,1.0,1.0
spinach,zero-shot,llama3.1:8b,0.0267,0.0,0.0667,0.0733,0.8,0.0,0.0467,,,0.1772,0.1199,0.0388,0.0627,0.324,,,0.0067,0.0267,0.04,0.0667,,,,,,,,,,,,,,,,,,,1.0,1.0,1.0,1.0,1.0,1.0
spinach,zero-shot,mistral-small:24b,0.4933,0.26,0.5,0.44,0.5933,0.0333,0.36,,,0.6949,0.516,0.3013,0.2048,0.5832,,,0.1867,0.2333,0.26,0.4133,,,0.5035460992907801,0.3333333333333333,0.6943276595744682,0.7030444444444445,0.0,0.5033557046979866,0.0,0.4429530201342282,0.5906040268456376,1.0,0.3033187919463088,0.0,0.4545454545454545,0.2446043165467626,0.5886363636363637,0.5102791366906475,1.0,1.0,1.0,1.0,1.0,1.0
spinach,zero-shot,o3,0.4133,0.34,0.58,0.5267,0.9067,0.3133,0.38,,,0.7251,0.6427,0.0308,0.5223,0.6588,,,0.04,0.0733,0.0533,0.08,,,0.4214285714285714,0.3,0.7332528571428572,0.6111,0.5753424657534246,0.75,0.5273972602739726,0.5,0.9202898550724636,0.75,0.0302565217391304,0.0367916666666666,0.375,0.0,0.6694566176470588,0.3830857142857143,1.0,1.0,1.0,1.0,1.0,1.0
synthetic,classification,deepseek-chat,0.9333,0.7733,0.9067,0.9133,0.9333,0.74,0.56,0.5,0.4867,0.9579,0.9413,0.0609,0.8659,0.7571,0.7342,0.7401,0.08,0.1,0.0933,0.1,0.5156,0.7438,,,,,,,,,,,,,,,,,0.0,0.0,0.0,0.0,0.0,0.0
synthetic,classification,deepseek-reasoner,0.7267,0.8733,0.9267,0.9533,0.88,0.7667,0.3933,0.3333,0.4533,0.7768,0.9456,0.1183,0.8357,0.6352,0.6168,0.7358,0.06,0.0733,0.0867,0.12,0.3933,0.6626,,,,,,,,,,,,,,,,,0.0,0.0,0.0,0.0,0.0017,0.0
synthetic,classification,gemini-2.0-flash,0.8467,0.8467,1.0,0.9133,0.7467,0.64,0.48,0.4333,0.4533,0.9226,0.942,0.1848,0.7404,0.7256,0.6496,0.6439,0.08,0.0733,1.0,0.2,0.4555,0.673,0.875,0.1666666666666666,0.9515722222222222,0.2262833333333333,1.0,1.0,,,,,,,0.8523489932885906,0.0,0.9475738255033558,0.1176,0.0,0.0,0.0,0.0,0.0002,0.0
synthetic,classification,gemini-2.5-flash,0.8667,0.92,1.0,0.9733,0.9733,0.9067,0.4667,0.42,0.4667,0.9151,0.9651,0.021,0.9298,0.7421,0.7173,0.7786,0.04,0.0333,1.0,0.04,0.4511,0.746,0.9318181818181818,0.3888888888888889,0.9392681818181818,0.7379944444444445,1.0,1.0,,,,,,,0.9315068493150684,0.5,0.972204794520548,0.70535,0.0,0.0,0.0,0.0,0.0003,0.0
synthetic,classification,gemini-2.5-pro,0.7733,0.6733,1.0,0.8267,0.9667,0.66,0.5067,0.3733,0.4267,0.8069,0.7644,0.0179,0.7276,0.7361,0.6142,0.669,0.1067,0.0867,1.0,0.1133,0.4356,0.6731,0.8473282442748091,0.2631578947368421,0.8384595419847328,0.5889842105263158,1.0,1.0,,,,,,,0.7175572519083969,0.3684210526315789,0.7866877862595419,0.6106315789473684,0.0,0.0,0.0,0.0,0.0,0.0
synthetic,classification,gpt-4.1-2025-04-14,0.9,0.86,0.7,0.98,0.9467,0.82,0.44,0.4133,0.4533,0.9626,0.9656,0.0374,0.934,0.7658,0.7448,0.76,0.02,0.0267,0.0267,0.04,0.4355,0.7569,0.9424460431654677,0.3636363636363636,0.9865791366906476,0.6599636363636364,0.7034482758620689,0.6,,,,,,,0.8620689655172413,0.8,0.9707220689655174,0.8173999999999999,0.0,0.0,0.5643,0.0,0.0,0.0
synthetic,classification,gpt-4.1-mini-2025-04-14,0.86,0.8733,0.56,0.98,0.9133,0.7933,0.3867,0.3267,0.4,0.9424,0.9551,0.0682,0.8945,0.6601,0.6615,0.6947,0.06,0.0667,0.0333,0.0867,0.3711,0.6721,0.8863636363636364,0.6666666666666666,0.964239393939394,0.7821666666666667,0.4358974358974359,0.6036036036036037,,,,,,,0.8768115942028986,0.8333333333333334,0.95828115942029,0.91865,0.0,0.0,0.5,0.0,0.0,0.0
synthetic,classification,gpt-4.1-nano-2025-04-14,0.9667,0.62,0.44,0.62,0.34,0.0,0.94,0.94,0.9467,0.9727,0.7599,0.6521,0.0,0.94,0.94,0.9467,0.9667,0.9467,0.4267,0.6133,0.9422,0.9422,0.9504950495049505,1.0,0.9594534653465346,1.0,0.4102564102564102,0.4504504504504504,,,,,,,,0.62,,0.7599073333333333,0.0,0.0,0.9358,0.0024,1.0,1.0
synthetic,classification,gpt-4o,0.9467,0.8867,1.0,0.9733,0.6067,0.5133,0.5733,0.2867,0.3267,0.6222,0.9631,0.3807,0.5779,0.4614,0.433,0.4795,0.3533,0.3533,1.0,0.4067,0.3956,0.458,0.9652777777777778,0.5,0.6356152777777777,0.3,1.0,,,,,,,,0.9333333333333332,0.9322033898305084,0.9666666666666668,0.9717322033898304,0.0,0.0,0.0,0.0,0.978,0.0
synthetic,classification,gpt-5,0.8933,0.8867,1.0,0.9733,0.8867,0.7867,0.6,0.5867,0.6133,0.9599,0.9285,0.1133,0.8621,0.8146,0.7942,0.8114,0.0933,0.0933,1.0,0.1667,0.6,0.8067,0.9416058394160584,0.3846153846153846,0.9900080291970804,0.6427923076923077,1.0,1.0,,,,,,,0.903448275862069,0.4,0.9398124137931037,0.599,0.0,0.0,0.0,0.0,0.3318,0.0
synthetic,classification,gpt-5-mini,0.8733,0.6,1.0,0.68,0.84,0.4733,0.5467,0.5733,0.56,0.9382,0.7438,0.16,0.5535,0.7441,0.7764,0.7569,0.1933,0.1867,1.0,0.2,0.56,0.7591,0.8913043478260869,0.6666666666666666,0.9543369565217392,0.7522083333333333,1.0,1.0,,,,,,,0.6068965517241379,0.4,0.7449213793103449,0.7101200000000001,0.0,0.0,0.0,0.0704,0.0494,0.0
synthetic,classification,gpt-5-nano,0.78,0.6467,1.0,0.74,0.2333,0.0,0.0933,0.5533,0.06,0.7872,0.7296,0.7667,0.0864,0.1053,0.5587,0.0766,0.0467,0.06,1.0,0.0067,0.2355,0.2469,0.7851851851851852,0.7333333333333333,0.7920688888888888,0.7435866666666667,1.0,1.0,,,,,,,0.6617647058823529,0.5,0.739535294117647,0.6333357142857142,0.0001,0.0,0.0,0.0019,1.0,1.0
synthetic,classification,gpt-oss:20b,0.6533,0.46,1.0,0.7533,0.8933,0.4333,0.2733,0.2733,0.2733,0.8246,0.7567,0.051,0.6858,0.5664,0.5924,0.627,0.0467,0.04,1.0,0.06,0.2733,0.5953,0.6739130434782609,0.4166666666666667,0.8499079710144928,0.5338416666666667,1.0,1.0,,,,,,,0.4615384615384615,0.4285714285714285,0.7595223776223776,0.6984714285714285,0.0,0.0,0.0,0.0,0.0068,0.0
synthetic,classification,grok-3-mini,0.9,0.82,1.0,0.9333,0.9533,0.78,0.4133,0.4067,0.4267,0.9591,0.9565,0.0467,0.8982,0.7163,0.7014,0.6994,0.04,0.0467,1.0,0.0467,0.4156,0.7057,0.9420289855072465,0.4166666666666667,0.9890014492753624,0.6151166666666666,1.0,1.0,,,,,,,0.8344827586206897,0.4,0.9644206896551724,0.728,0.0,0.0,0.0,0.0,0.0064,0.0
synthetic,classification,llama3.1:70b,0.82,0.6,1.0,0.88,0.92,0.6,0.2667,0.2667,0.22,0.9204,0.8955,0.0327,0.8533,0.6103,0.5952,0.5764,0.0067,0.02,1.0,0.0133,0.2511,0.594,0.8661971830985915,0.0,0.9566584507042252,0.27635,1.0,1.0,,,,,,,0.5950413223140496,0.6206896551724138,0.8982983471074379,0.8837482758620689,0.0,0.0,0.0,0.0,0.0,0.0
synthetic,classification,llama3.1:8b,0.2267,0.1067,1.0,0.42,0.68,0.0867,0.1067,0.0933,0.0733,0.6402,0.5797,0.0901,0.4721,0.4224,0.3968,0.3736,0.0,0.0,1.0,0.0,0.0911,0.3976,0.3333333333333333,0.2198581560283688,0.8546333333333334,0.6264758865248227,1.0,1.0,,,,,,,0.0769230769230769,0.1129032258064516,0.5014615384615385,0.5961056451612905,0.0,0.0,0.0,0.0,0.9968,0.0001
synthetic,classification,mistral-small:24b,0.8533,0.5667,1.0,0.8333,0.9133,0.5333,0.36,0.32,0.3333,0.9257,0.8309,0.07,0.7751,0.671,0.6502,0.6517,0.0267,0.0333,1.0,0.0733,0.3378,0.6576,0.916030534351145,0.4210526315789473,0.9752167938931298,0.5845947368421053,1.0,1.0,,,,,,,0.5263157894736842,0.5725190839694656,0.8570789473684212,0.8271473282442748,0.0,0.0,0.0,0.0,0.0,0.0
synthetic,classification,o3,0.9133,0.9,1.0,0.98,0.98,0.8867,0.3933,0.36,0.36,0.9767,0.9632,0.0182,0.9574,0.7092,0.7111,0.7131,0.0067,0.0067,1.0,0.0267,0.3711,0.7111,0.9548872180451128,0.5882352941176471,0.9952624060150376,0.8319176470588237,1.0,1.0,,,,,,,0.9230769230769232,0.4285714285714285,0.9767545454545457,0.6867571428571428,0.0,0.0,0.0,0.0,0.0,0.0
synthetic,fixing,deepseek-chat,0.8933,0.8533,0.92,0.9867,0.9667,0.8267,0.6267,0.6733,0.6267,0.9525,0.9625,0.0259,0.877,0.8214,0.8428,0.8304,0.0267,0.02,0.06,0.0867,0.6422,0.8315,,,,,,,,,,,,,,,,,0.0,0.0,0.0,0.0,0.0,0.0
synthetic,fixing,deepseek-reasoner,0.7533,0.6667,0.7933,0.8733,0.9667,0.6533,0.2667,0.2467,0.2867,0.8847,0.8887,0.0142,0.8733,0.5773,0.5358,0.5834,0.0067,0.0067,0.0333,0.02,0.2667,0.5655,,,,,,,,,,,,,,,,,0.0,0.0,0.0,0.0,0.0,0.0
synthetic,fixing,gemini-2.0-flash,0.86,0.84,0.8733,0.9667,0.9867,0.8267,0.8333,0.7867,0.8067,0.8733,0.958,0.0007,0.9087,0.9335,0.9037,0.9159,0.0067,0.0,0.0067,0.06,0.8089,0.9177,,,,,,,,,,,,,,,,,0.0,0.0,0.0,0.0,0.0,0.0
synthetic,fixing,gemini-2.5-flash,0.9,0.9133,0.94,0.96,0.9733,0.9,0.78,0.7467,0.7667,0.9388,0.9457,0.0267,0.9118,0.8867,0.8675,0.8694,0.0267,0.02,0.0267,0.06,0.7645,0.8745,,,,,,,,,,,,,,,,,0.0,0.0,0.0,0.0,0.0007,0.0
synthetic,fixing,gemini-2.5-pro,0.68,0.7733,0.82,0.8867,0.9733,0.7667,0.3733,0.4333,0.3,0.6098,0.8262,0.025,0.8025,0.3721,0.5311,0.4136,0.24,0.24,0.36,0.0733,0.3689,0.4389,,,,,,,,,,,,,,,,,0.0,0.0,0.0,0.0,0.0,0.0
synthetic,fixing,gpt-4.1-2025-04-14,0.8867,0.8667,0.9533,0.9667,0.9733,0.8467,0.6867,0.6933,0.6933,0.9662,0.9711,0.01,0.8919,0.9175,0.9131,0.9145,0.0133,0.0133,0.0267,0.08,0.6911,0.915,,,,,,,,,,,,,,,,,0.0,0.0,0.0,0.0,0.0,0.0
synthetic,fixing,gpt-4.1-mini-2025-04-14,0.8067,0.8,0.9133,0.9667,0.86,0.76,0.6267,0.6533,0.6733,0.9151,0.9315,0.0639,0.8387,0.8616,0.8986,0.8651,0.02,0.04,0.06,0.0467,0.6511,0.8751,,,,,,,,,,,,,,,,,0.0,0.0,0.0,0.0,0.0,0.0
synthetic,fixing,gpt-4.1-nano-2025-04-14,0.5533,0.3733,0.6133,0.7,0.5733,0.22,0.4933,0.5333,0.5133,0.6813,0.6589,0.2566,0.4434,0.6822,0.7098,0.6864,0.06,0.12,0.16,0.1067,0.5133,0.6928,,,,,,,,,,,,,,,,,0.0001,0.0,0.074,0.0,0.6899,0.0
synthetic,fixing,gpt-4o,0.8133,0.7667,0.9467,0.96,0.9733,0.7667,0.54,0.56,0.5933,0.7462,0.7764,0.0157,0.7361,0.6078,0.6199,0.6514,0.1733,0.18,0.2333,0.1867,0.5644,0.6264,,,,,,,,,,,,,,,,,0.0,0.0,0.0,0.0,0.0,0.0
synthetic,fixing,gpt-5,0.88,0.9,0.9667,0.9933,0.9267,0.8267,0.5667,0.56,0.5467,0.9697,0.9482,0.0733,0.8959,0.7964,0.7859,0.7853,0.1267,0.1333,0.12,0.1467,0.5578,0.7892,,,,,,,,,,,,,,,,,0.0,0.0,0.0,0.0,0.0392,0.0
synthetic,fixing,gpt-5-mini,0.8267,0.78,0.8867,0.9533,0.8533,0.66,0.5733,0.5667,0.6,0.9004,0.8703,0.142,0.7797,0.7607,0.7453,0.7902,0.2667,0.2467,0.2667,0.2533,0.58,0.7654,,,,,,,,,,,,,,,,,0.0,0.0,0.0,0.0,0.0113,0.0
synthetic,fixing,gpt-5-nano,0.9067,0.7733,0.8467,0.98,0.9067,0.6933,0.5533,0.58,0.56,0.9517,0.8801,0.093,0.7908,0.75,0.7743,0.7542,0.1867,0.1733,0.1667,0.2533,0.5644,0.7595,,,,,,,,,,,,,,,,,0.0,0.0,0.0,0.0,0.0835,0.0
synthetic,fixing,gpt-oss:20b,0.6667,0.6867,0.82,0.9067,0.9933,0.6867,0.3133,0.3333,0.3067,0.8429,0.8644,0.0009,0.8644,0.6195,0.6303,0.5971,0.04,0.0333,0.0733,0.0867,0.3178,0.6156,,,,,,,,,,,,,,,,,0.0,0.0,0.0,0.0,0.0,0.0
synthetic,fixing,grok-3-mini,0.8933,0.8733,0.9333,0.9933,0.9667,0.8533,0.5067,0.4333,0.4267,0.9532,0.9679,0.0227,0.9224,0.7509,0.6881,0.7234,0.0333,0.0533,0.06,0.0667,0.4556,0.7208,,,,,,,,,,,,,,,,,0.0,0.0,0.0,0.0,0.0036,0.0
synthetic,fixing,llama3.1:70b,0.68,0.6667,0.8067,0.8733,0.9667,0.66,0.2867,0.3333,0.2867,0.8008,0.8717,0.0085,0.8449,0.6224,0.627,0.5811,0.0,0.0333,0.06,0.0267,0.3022,0.6102,,,,,,,,,,,,,,,,,0.0,0.0,0.0,0.0,0.0,0.0
synthetic,fixing,llama3.1:8b,0.2067,0.04,0.2133,0.1733,0.6267,0.04,0.06,0.0467,0.0533,0.5639,0.3906,0.1097,0.2903,0.2753,0.2564,0.2895,0.0,0.0,0.0067,0.0,0.0533,0.2737,,,,,,,,,,,,,,,,,0.0,0.0156,0.0001,0.0,0.9999,0.0156
synthetic,fixing,mistral-small:24b,0.7533,0.5533,0.84,0.9533,0.9533,0.5333,0.5333,0.58,0.56,0.882,0.818,0.0188,0.7938,0.7864,0.8008,0.8029,0.04,0.0133,0.1,0.06,0.5578,0.7967,,,,,,,,,,,,,,,,,0.0,0.0,0.0,0.0,0.0,0.0
synthetic,fixing,o3,0.7667,0.9067,0.96,0.9733,1.0,0.9067,0.4667,0.4,0.4,0.9182,0.9312,0.0,0.9321,0.715,0.6663,0.6517,0.04,0.0333,0.0333,0.0467,0.4222,0.6777,,,,,,,,,,,,,,,,,0.0,0.0,0.0,0.0,0.0,0.0
synthetic,wikidata,deepseek-chat,0.4867,0.2067,0.5667,0.5533,0.5733,0.1,,,,0.6873,0.5714,0.1657,0.3056,,,,0.06,0.06,0.1333,0.1933,,,,,,,,,,,,,,,,,,,0.3555,0.6682,0.14,0.0717,0.4357,0.927
synthetic,wikidata,gemini-2.0-flash,0.4867,0.1933,0.56,0.52,0.5733,0.1,,,,0.7258,0.6022,0.1475,0.3962,,,,0.0067,0.0333,0.0333,0.04,,,,,,,,,,,,,,,,,,,0.0925,0.4159,0.2664,0.0481,0.3746,0.5
synthetic,wikidata,gemini-2.5-flash,0.3333,0.2467,0.6333,0.5133,0.8467,0.2133,,,,0.5816,0.5658,0.0465,0.4459,,,,0.1467,0.1067,0.0867,0.1733,,,,,,,,,,,,,,,,,,,0.9998,0.997,0.295,0.8987,0.8761,0.997
synthetic,wikidata,gemini-2.5-pro,0.42,0.3,0.5933,0.5733,0.8067,0.28,,,,0.7499,0.6982,0.0404,0.5896,,,,0.0133,0.0133,0.0067,0.0133,,,,,,,,,,,,,,,,,,,0.7796,0.9393,0.678,0.0403,0.5841,0.8115
synthetic,wikidata,gpt-4.1-2025-04-14,0.62,0.2933,0.6867,0.5733,0.6267,0.18,,,,0.8506,0.6977,0.1254,0.4714,,,,0.0,0.0,0.0267,0.04,,,,,,,,,,,,,,,,,,,0.345,0.3238,0.7294,0.2122,0.3953,0.377
synthetic,wikidata,gpt-4.1-mini-2025-04-14,0.3267,0.08,0.4,0.3067,0.68,0.0467,,,,0.5417,0.3843,0.0802,0.2859,,,,0.02,0.04,0.02,0.08,,,,,,,,,,,,,,,,,,,0.9995,0.9995,0.9999,1.0,0.0007,0.9673
synthetic,wikidata,gpt-4.1-nano-2025-04-14,0.36,0.0933,0.4933,0.5067,0.7667,0.06,,,,0.6337,0.3993,0.0745,0.2804,,,,0.0267,0.0667,0.4667,0.1,,,,,,,,,,,,,,,,,,,0.6494,0.8338,0.7995,0.1163,0.0003,0.623
synthetic,wikidata,gpt-4o,0.8533,0.6467,0.6933,0.84,0.3,0.02,,,,0.8668,0.7349,0.6846,0.1987,,,,0.84,0.8133,0.7267,0.8267,,,,,,,,,,,,,,,,,,,0.0,0.0,0.0128,0.0,1.0,1.0
synthetic,wikidata,gpt-5,0.6667,0.54,0.7333,0.78,0.8667,0.44,,,,0.8036,0.7549,0.0975,0.7062,,,,0.2133,0.2333,0.12,0.2067,,,,,,,,,,,,,,,,,,,0.012,0.0023,0.0063,0.0033,0.5841,0.0222
synthetic,wikidata,gpt-5-mini,0.6067,0.46,0.62,0.66,0.7067,0.2267,,,,0.7246,0.6434,0.2502,0.4476,,,,0.3933,0.36,0.2867,0.4067,,,,,,,,,,,,,,,,,,,0.1802,0.012,0.0587,0.1312,0.9855,0.4253
synthetic,wikidata,gpt-5-nano,0.6667,0.4133,0.66,0.6333,0.8,0.2667,,,,0.8043,0.6404,0.1655,0.4962,,,,0.3067,0.3133,0.1933,0.3,,,,,,,,,,,,,,,,,,,0.0147,0.566,0.7288,0.1802,0.9867,0.9331
synthetic,wikidata,gpt-oss:20b,0.2867,0.2267,0.5267,0.4267,0.84,0.1933,,,,0.5468,0.5166,0.0465,0.4426,,,,0.0733,0.06,0.0533,0.1067,,,,,,,,,,,,,,,,,,,0.43,0.5,0.3136,0.3714,0.1405,0.3388
synthetic,wikidata,grok-3-mini,0.4467,0.3067,0.6133,0.5933,0.8867,0.3,,,,0.7327,0.6889,0.0221,0.6184,,,,0.02,0.0133,0.02,0.0267,,,,,,,,,,,,,,,,,,,0.6399,0.9242,0.7077,0.1553,0.5,0.6494
synthetic,wikidata,llama3.1:70b,0.3467,0.1067,0.4733,0.3667,0.6133,0.0467,,,,0.6352,0.4944,0.13,0.2851,,,,0.0067,0.0,0.0067,0.0,,,,,,,,,,,,,,,,,,,0.1725,0.3953,0.0821,0.1341,0.8544,0.8125
synthetic,wikidata,llama3.1:8b,0.0667,0.0,0.2067,0.1333,0.62,0.0,,,,0.3819,0.2943,0.1017,0.1473,,,,0.0,0.0,0.0133,0.0133,,,,,,,,,,,,,,,,,,,0.0547,1.0,0.0001,0.0,1.0,1.0
synthetic,wikidata,mistral-small:24b,0.66,0.3867,0.62,0.5333,0.4067,0.02,,,,0.7292,0.5659,0.5147,0.1662,,,,0.4933,0.5,0.5733,0.7067,,,,,,,,,,,,,,,,,,,0.0,0.0,0.1958,0.0408,0.993,0.8125
synthetic,wikidata,o3,0.5333,0.34,0.66,0.5333,0.8467,0.3067,,,,0.8006,0.723,0.0287,0.6603,,,,0.0467,0.0267,0.0133,0.0267,,,,,,,,,,,,,,,,,,,0.0001,0.0401,0.0018,0.0235,0.7483,0.068
synthetic,zero-shot,deepseek-chat,0.4667,0.2133,0.5133,0.4867,0.56,0.1267,0.56,,,0.6754,0.5407,0.1626,0.3156,0.7571,,,0.0267,0.0533,0.1067,0.1333,,,0.4791666666666667,0.1666666666666666,0.6860819444444445,0.4200833333333333,0.5230769230769231,0.5058823529411764,0.5,0.4827586206896552,0.5637583892617449,0.0,0.1603241610738255,0.5,0.2043795620437956,0.3076923076923077,0.5470875912408759,0.4735384615384615,1.0,1.0,1.0,1.0,1.0,1.0
synthetic,zero-shot,deepseek-reasoner,0.2867,0.2333,0.5267,0.4467,0.7533,0.18,0.3933,,,0.5706,0.5545,0.0427,0.4397,0.6352,,,0.0133,0.0133,0.0067,0.0333,,,0.3181818181818182,0.0555555555555555,0.6173318181818181,0.2281055555555555,0.5379310344827586,0.2,0.4444444444444444,0.5,0.7602739726027398,0.5,0.0407287671232876,0.114225,0.2397260273972602,0.0,0.5603821917808219,0.3409,1.0,1.0,1.0,1.0,1.0,1.0
synthetic,zero-shot,gemini-2.0-flash,0.4333,0.18,0.5267,0.44,0.5533,0.0933,0.48,,,0.7391,0.566,0.1478,0.3604,0.7256,,,0.0067,0.0133,0.0,0.0,,,0.4732142857142857,0.3157894736842105,0.7715982142857143,0.6432763157894736,0.5238095238095238,0.5333333333333333,0.4482758620689655,0.4380165289256198,0.5704225352112676,0.25,0.1405725352112676,0.2763375,0.1981132075471698,0.1363636363636363,0.576138679245283,0.5415318181818182,1.0,1.0,1.0,1.0,1.0,1.0
synthetic,zero-shot,gemini-2.5-flash,0.4667,0.3467,0.6,0.5667,0.88,0.3133,0.4667,,,0.7291,0.6731,0.024,0.5907,0.7421,,,0.0333,0.04,0.0267,0.0467,,,0.5074626865671642,0.125,0.7582253731343284,0.4854,0.6041666666666666,0.5,0.5655172413793104,0.6,0.8972602739726028,0.25,0.0135404109589041,0.40675,0.3566433566433566,0.1428571428571428,0.6890657342657341,0.3471285714285714,1.0,1.0,1.0,1.0,1.0,1.0
synthetic,zero-shot,gemini-2.5-pro,0.4467,0.3533,0.6067,0.4933,0.8067,0.3067,0.5067,,,0.7226,0.7069,0.0412,0.5999,0.7361,,,0.0133,0.04,0.0,0.0133,,,0.4817518248175182,0.0769230769230769,0.7513175182481752,0.4203,0.6095890410958904,0.5,0.5069444444444444,0.1666666666666666,0.8231292517006803,0.0,0.0286108843537414,0.6563666666666667,0.3680555555555556,0.0,0.7177263888888888,0.4474,1.0,1.0,1.0,1.0,1.0,1.0
synthetic,zero-shot,gpt-4.1-2025-04-14,0.6,0.2733,0.7,0.54,0.6133,0.1667,0.44,,,0.8377,0.7008,0.1287,0.4685,0.7658,,,0.0,0.0,0.0133,0.0267,,,0.6335877862595419,0.3333333333333333,0.8646916030534351,0.54685,0.7163120567375887,0.5,0.5436893203883495,0.525,0.6197183098591549,0.0,0.1240669014084507,1.0,0.2816901408450704,0.0,0.7040028169014084,0.1154,1.0,1.0,1.0,1.0,1.0,1.0
synthetic,zero-shot,gpt-4.1-mini-2025-04-14,0.4667,0.18,0.5533,0.5333,0.52,0.08,0.3867,,,0.75,0.6301,0.1726,0.3793,0.6601,,,0.0,0.0,0.0,0.04,,,0.4924242424242424,0.2777777777777778,0.7795075757575757,0.5336222222222222,0.4897959183673469,0.5841584158415841,0.59375,0.5169491525423728,0.527027027027027,0.0,0.1613912162162162,1.0,0.1780821917808219,0.25,0.6355294520547945,0.4333249999999999,1.0,1.0,1.0,1.0,1.0,1.0
synthetic,zero-shot,gpt-4.1-nano-2025-04-14,0.3667,0.1133,0.5267,0.4467,0.5933,0.06,0.94,,,0.6469,0.5003,0.17,0.3219,0.94,,,0.0133,0.0133,0.1,0.0667,,,0.4081632653061224,0.2884615384615384,0.7081683673469389,0.5313999999999999,0.3770491803278688,0.6292134831460674,0.4461538461538462,0.4470588235294118,0.5578947368421052,0.6545454545454545,0.1580947368421052,0.19052,,0.1133333333333333,,0.5003313333333334,1.0,1.0,1.0,1.0,1.0,1.0
synthetic,zero-shot,gpt-4o,0.4067,0.16,0.5533,0.4133,0.7,0.0867,0.5733,,,0.6798,0.5558,0.1601,0.3557,0.4614,,,0.1267,0.1,0.1067,0.18,,,0.4,0.5,0.68373,0.6247,0.5636363636363636,0.5473684210526316,0.4375,0.4104477611940298,0.7046979865771812,0.0,0.1545026845637583,1.0,0.1386138613861386,0.2040816326530612,0.5680910891089108,0.5305061224489795,1.0,1.0,1.0,1.0,1.0,1.0
synthetic,zero-shot,gpt-5,0.5533,0.3933,0.6067,0.6467,0.8667,0.34,0.6,,,0.7869,0.6867,0.0456,0.672,0.8146,,,0.1533,0.1267,0.0467,0.1333,,,0.5714285714285714,0.4117647058823529,0.8037706766917293,0.6551823529411764,0.6095890410958904,0.5,0.6486486486486487,0.5,0.8835616438356164,0.25,0.0263205479452054,0.75,0.3972602739726027,0.25,0.6924650684931506,0.474675,1.0,1.0,1.0,1.0,1.0,1.0
synthetic,zero-shot,gpt-5-mini,0.56,0.3467,0.5333,0.6,0.7733,0.2133,0.5467,,,0.753,0.6191,0.1713,0.5131,0.7441,,,0.2467,0.2333,0.1867,0.3133,,,0.5766423357664233,0.3846153846153846,0.7612912408759125,0.6659769230769231,0.5277777777777778,0.6666666666666666,0.6164383561643836,0.0,0.7808219178082192,0.5,0.1622671232876712,0.5,0.3469387755102041,0.3333333333333333,0.621130612244898,0.5212,1.0,1.0,1.0,1.0,1.0,1.0
synthetic,zero-shot,gpt-5-nano,0.56,0.4133,0.68,0.5867,0.86,0.3067,0.0933,,,0.7499,0.6659,0.1143,0.5548,0.1053,,,0.1867,0.2067,0.1467,0.26,,,0.5673758865248227,0.4444444444444444,0.7532588652482269,0.6975666666666667,0.696,0.6,0.5955882352941176,0.5,0.875,0.7142857142857143,0.1007698529411764,0.2460285714285714,0.4253731343283582,0.3125,0.6707455223880597,0.62538125,1.0,1.0,1.0,1.0,1.0,1.0
synthetic,zero-shot,gpt-oss:20b,0.2733,0.22,0.5,0.4067,0.7933,0.1733,0.2733,,,0.5755,0.5539,0.0474,0.4674,0.5664,,,0.0467,0.04,0.0,0.0467,,,0.2836879432624113,0.1111111111111111,0.5882375886524822,0.3764555555555555,0.5285714285714286,0.1,0.4013605442176871,0.6666666666666666,0.8071428571428572,0.6,0.032045,0.2625,0.2307692307692307,0.0,0.5620685314685314,0.3874857142857143,1.0,1.0,1.0,1.0,1.0,1.0
synthetic,zero-shot,grok-3-mini,0.4533,0.3467,0.6267,0.5467,0.88,0.3067,0.4133,,,0.7199,0.6895,0.0401,0.597,0.7163,,,0.02,0.0267,0.02,0.0467,,,0.4744525547445255,0.2307692307692307,0.7443832116788321,0.4623230769230769,0.6363636363636364,0.4285714285714285,0.5510204081632653,0.3333333333333333,0.891156462585034,0.3333333333333333,0.0322265306122449,0.4242333333333333,0.3537414965986394,0.0,0.697943537414966,0.2738,1.0,1.0,1.0,1.0,1.0,1.0
synthetic,zero-shot,llama3.1:70b,0.3067,0.0933,0.4067,0.3133,0.6533,0.0533,0.2667,,,0.6141,0.447,0.1138,0.2735,0.6103,,,0.0067,0.0067,0.0067,0.02,,,0.3194444444444444,0.0,0.6322319444444444,0.1781833333333333,0.5,0.3985507246376811,0.2916666666666667,0.3235294117647059,0.6577181208053692,0.0,0.1132711409395973,0.2,0.0945945945945946,0.0,0.4471189189189188,0.4375,1.0,1.0,1.0,1.0,1.0,1.0
synthetic,zero-shot,llama3.1:8b,0.0267,0.0,0.06,0.0133,0.8067,0.0,0.1067,,,0.2604,0.1632,0.0337,0.1,0.4224,,,0.0067,0.0067,0.04,0.0267,,,,,,,,,,,,,,,,,,,1.0,1.0,1.0,1.0,1.0,1.0
synthetic,zero-shot,mistral-small:24b,0.4067,0.1733,0.5733,0.4333,0.5333,0.0267,0.36,,,0.6445,0.5298,0.2529,0.2543,0.671,,,0.12,0.0733,0.2133,0.2933,,,0.4545454545454545,0.0555555555555555,0.6896878787878788,0.3132888888888889,,0.5733333333333334,1.0,0.4295302013422818,0.5369127516778524,0.0,0.2478993288590603,1.0,0.2592592592592592,0.1544715447154471,0.5943666666666666,0.5156211382113821,1.0,1.0,1.0,1.0,1.0,1.0
synthetic,zero-shot,o3,0.38,0.2667,0.5267,0.4467,0.86,0.2467,0.3933,,,0.6809,0.6088,0.0317,0.5389,0.7092,,,0.0267,0.0267,0.0133,0.0333,,,0.4104477611940298,0.125,0.7124291044776119,0.4165,0.5273972602739726,0.5,0.4489795918367347,0.3333333333333333,0.8689655172413793,0.6,0.0247813793103448,0.23334,0.273972602739726,0.0,0.6191684931506849,0.228575,1.0,1.0,1.0,1.0,1.0,1.0
overall,classification,deepseek-chat,0.9667,0.82,0.9111,0.9222,0.7378,0.5933,0.5289,0.4956,0.52,0.9833,0.9547,0.2414,0.6951,0.7226,0.6858,0.7097,0.2244,0.2311,0.2489,0.2756,0.5148,0.706,,,,,,,,,,,,,,,,,0.0,0.0,0.0,0.0,0.0,0.0
overall,classification,deepseek-reasoner,0.7422,0.8711,0.9111,0.9333,0.64,0.5467,0.4,0.3756,0.5022,0.8025,0.9296,0.3554,0.6047,0.5863,0.5819,0.7082,0.1978,0.2111,0.3044,0.3444,0.4259,0.6255,,,,,,,,,,,,,,,,,0.0,0.0,0.0,0.0,1.0,0.0
overall,classification,gemini-2.0-flash,0.8667,0.8644,1.0,0.9444,0.5867,0.4978,0.4578,0.4133,0.3844,0.9301,0.9237,0.3344,0.5596,0.6762,0.6104,0.576,0.1778,0.1711,1.0,0.3822,0.4185,0.6209,0.8781038374717833,0.1428571428571428,0.9403708803611738,0.2832428571428571,1.0,1.0,,,,,,,0.8631921824104235,0.8646616541353384,0.9403,0.8956646616541354,0.0,0.0,0.0,0.0,0.9882,0.0
overall,classification,gemini-2.5-flash,0.8956,0.9267,1.0,0.9733,0.9,0.8333,0.3644,0.3733,0.3533,0.9339,0.9618,0.0941,0.8263,0.646,0.6341,0.6576,0.0844,0.0756,1.0,0.1533,0.3637,0.6459,0.9454545454545454,0.6,0.950338961038961,0.8364015384615385,1.0,1.0,,,,,,,0.9414519906323184,0.6521739130434783,0.9660819672131148,0.8821913043478261,0.0,0.0,0.0,0.0,0.0009,0.0
overall,classification,gemini-2.5-pro,0.8244,0.72,1.0,0.8511,0.9222,0.6622,0.3978,0.3178,0.3378,0.8721,0.8251,0.0674,0.7444,0.6568,0.5728,0.6028,0.1044,0.1,1.0,0.1622,0.3511,0.6108,0.9056122448979592,0.2758620689655172,0.908906887755102,0.6235344827586207,1.0,1.0,,,,,,,0.7555012224938875,0.3658536585365853,0.8503655256723716,0.5729341463414634,0.0,0.0,0.0,0.0,0.0,0.0
overall,classification,gpt-4.1-2025-04-14,0.9156,0.8667,0.6044,0.9733,0.86,0.7356,0.3244,0.3156,0.3467,0.9763,0.9698,0.1251,0.8385,0.6525,0.6239,0.6391,0.0489,0.0511,0.0889,0.1356,0.3289,0.6385,0.9478672985781992,0.4285714285714285,0.990263981042654,0.765792857142857,0.6040723981900452,0.625,,,,,,,0.8672768878718535,0.8461538461538461,0.9715448512585813,0.9126769230769228,0.0,0.0,0.0001,0.0,0.0,0.0
overall,classification,gpt-4.1-mini-2025-04-14,0.9044,0.8556,0.52,0.9444,0.7756,0.6378,0.36,0.3622,0.3867,0.9617,0.9453,0.211,0.7236,0.6112,0.6083,0.6354,0.16,0.16,0.1289,0.2489,0.3696,0.6183,0.9367396593673966,0.5641025641025641,0.9760518248175184,0.8106487179487178,0.5041322314049587,0.5258358662613982,,,,,,,0.8640776699029126,0.7631578947368421,0.9486684466019418,0.9084552631578946,0.0,0.0,0.5164,0.0,0.0,0.0
overall,classification,gpt-4.1-nano-2025-04-14,0.9689,0.5822,0.6222,0.5844,0.3667,0.0,0.9556,0.9622,0.9556,0.9709,0.7359,0.6288,0.0022,0.9556,0.9622,0.9556,0.9822,0.9689,0.6178,0.58,0.9578,0.9578,0.9565217391304348,1.0,0.9593316770186336,1.0,0.5819672131147541,0.6371951219512195,,,,,,,,0.5822222222222222,,0.735926,0.0,0.0,0.0,0.0,1.0,1.0
overall,classification,gpt-4o,0.9689,0.9267,0.9911,0.9844,0.4422,0.3778,0.6667,0.2022,0.2489,0.4534,0.9739,0.5514,0.4154,0.3254,0.311,0.3414,0.5333,0.5356,0.8533,0.5756,0.3726,0.3259,0.9816933638443937,0.5384615384615384,0.4591366132723112,0.2595,1.0,,,,,,,,0.9523809523809524,0.96218487394958,0.9821428571428572,0.982655462184874,0.0,0.0,0.0,0.0,1.0,0.0
overall,classification,gpt-5,0.9133,0.8911,1.0,0.9733,0.7022,0.6,0.5822,0.6,0.6111,0.962,0.9412,0.296,0.6649,0.7731,0.7712,0.7817,0.2689,0.2644,1.0,0.3622,0.5978,0.7753,0.9511002444987776,0.5365853658536586,0.98080586797066,0.7745121951219512,1.0,1.0,,,,,,,0.9086651053864168,0.5652173913043478,0.9484564402810304,0.8069782608695653,0.0,0.0,0.0,0.0,0.9015,0.0
overall,classification,gpt-5-mini,0.8778,0.6289,1.0,0.74,0.7067,0.3644,0.5711,0.5778,0.5644,0.9294,0.7613,0.2933,0.4726,0.7256,0.7317,0.7228,0.36,0.3489,1.0,0.3756,0.5711,0.7267,0.8956310679611651,0.6842105263157895,0.9439932038834952,0.7708736842105263,1.0,1.0,,,,,,,0.6346604215456675,0.5217391304347826,0.7635707259953163,0.720008695652174,0.0,0.0,0.0,0.0006,0.0,0.0
overall,classification,gpt-5-nano,0.7733,0.6844,1.0,0.7644,0.2,0.0044,0.0956,0.5378,0.0756,0.7777,0.7555,0.7985,0.0776,0.102,0.5413,0.0844,0.0933,0.0978,1.0,0.02,0.2363,0.2426,0.7945544554455446,0.5869565217391305,0.7980923267326733,0.598995652173913,1.0,1.0,,,,,,,0.7135922330097088,0.3684210526315789,0.7777582524271844,0.5140342105263158,0.0,0.0,0.0,0.0,1.0,1.0
overall,classification,gpt-oss:20b,0.6644,0.4911,1.0,0.7267,0.8422,0.3911,0.2933,0.2556,0.2778,0.7964,0.7721,0.1055,0.6041,0.5147,0.5043,0.5179,0.1444,0.1089,1.0,0.1978,0.2756,0.5123,0.6730310262529833,0.5483870967741935,0.801898090692124,0.7223290322580644,1.0,1.0,,,,,,,0.4930232558139535,0.45,0.7713562790697676,0.789205,0.0,0.0,0.0,0.0,0.1469,0.0
overall,classification,grok-3-mini,0.8956,0.7778,1.0,0.8978,0.8778,0.6644,0.4044,0.3911,0.3911,0.9611,0.9356,0.1169,0.7912,0.6463,0.6354,0.627,0.1044,0.1067,1.0,0.1711,0.3955,0.6362,0.9507389162561576,0.3863636363636363,0.9880662561576354,0.7123863636363637,1.0,1.0,,,,,,,0.7880184331797235,0.5,0.9391523041474654,0.83923125,0.0,0.0,0.0,0.0,0.7917,0.0
overall,classification,llama3.1:70b,0.8111,0.5556,1.0,0.8556,0.9311,0.5444,0.2156,0.1933,0.1978,0.9098,0.8505,0.0313,0.8055,0.5129,0.4801,0.4925,0.0133,0.0244,1.0,0.0378,0.2022,0.4952,0.8306636155606407,0.1538461538461538,0.9220897025171626,0.4981153846153845,1.0,1.0,,,,,,,0.5529411764705883,0.5636363636363636,0.8511264705882354,0.8485463636363636,0.0,0.0,0.0,0.0,0.0,0.0
overall,classification,llama3.1:8b,0.1822,0.0867,1.0,0.3622,0.6867,0.06,0.0556,0.0444,0.0378,0.5751,0.5207,0.0958,0.4059,0.3236,0.2751,0.2769,0.0,0.0044,1.0,0.0,0.0459,0.2919,0.1875,0.1820276497695852,0.7337187500000001,0.569202995391705,1.0,1.0,,,,,,,0.0769230769230769,0.0883116883116883,0.5085353846153846,0.5227628571428572,0.0,0.0,0.0,0.0,1.0,0.0
overall,classification,mistral-small:24b,0.8489,0.5778,1.0,0.8133,0.7956,0.4378,0.3644,0.2667,0.2933,0.9273,0.8111,0.1811,0.643,0.6111,0.5313,0.5474,0.1111,0.12,1.0,0.1178,0.3081,0.5633,0.9048780487804878,0.275,0.9530009756097562,0.66433,1.0,1.0,,,,,,,0.5483870967741935,0.5799522673031027,0.8482258064516128,0.8083007159904535,0.0,0.0,0.0,0.0,0.0,0.0
overall,classification,o3,0.8267,0.8067,0.8444,0.9111,0.9267,0.7444,0.3533,0.3311,0.3511,0.9358,0.9089,0.0653,0.8391,0.6311,0.6168,0.6312,0.0889,0.0711,0.6978,0.1178,0.3452,0.6264,0.8653846153846154,0.3529411764705882,0.9547413461538462,0.7044323529411765,0.8456221198156681,0.8125,,,,,,,0.8305882352941176,0.4,0.919875294117647,0.7225880000000001,0.0,0.0,0.0,0.0,0.0,0.0
overall,fixing,deepseek-chat,0.8378,0.7711,0.8978,0.96,0.9578,0.7511,0.4911,0.5178,0.5044,0.9227,0.921,0.027,0.8,0.7089,0.7237,0.7207,0.0644,0.0578,0.1222,0.1489,0.5044,0.7178,,,,,,,,,,,,,,,,,0.0,0.0,0.0,0.0,0.0,0.0
overall,fixing,deepseek-reasoner,0.6622,0.5733,0.7133,0.8444,0.9222,0.5444,0.1867,0.1778,0.1822,0.8085,0.8148,0.0596,0.7851,0.4413,0.4256,0.4239,0.04,0.04,0.0867,0.0644,0.1822,0.4303,,,,,,,,,,,,,,,,,0.0,0.0,0.0,0.0,0.0,0.0
overall,fixing,gemini-2.0-flash,0.7933,0.7533,0.8556,0.9222,0.9689,0.7422,0.7867,0.7733,0.76,0.83,0.9072,0.0113,0.8386,0.8803,0.8679,0.863,0.0178,0.0022,0.0089,0.0889,0.7733,0.8704,,,,,,,,,,,,,,,,,0.0,0.0,0.0,0.0,0.0,0.0
overall,fixing,gemini-2.5-flash,0.8778,0.8889,0.8911,0.9644,0.9578,0.8511,0.7044,0.7111,0.6822,0.9143,0.9189,0.0403,0.8339,0.8033,0.8088,0.7959,0.0822,0.0489,0.0622,0.1422,0.6992,0.8027,,,,,,,,,,,,,,,,,0.0,0.0,0.0,0.0,0.0,0.0
overall,fixing,gemini-2.5-pro,0.7489,0.7267,0.7778,0.9089,0.9778,0.7178,0.4711,0.48,0.42,0.7886,0.8345,0.0208,0.7846,0.5863,0.6358,0.5803,0.1333,0.1067,0.1467,0.12,0.457,0.6008,,,,,,,,,,,,,,,,,0.0,0.0,0.0,0.0,0.0,0.0
overall,fixing,gpt-4.1-2025-04-14,0.8511,0.7911,0.9222,0.9489,0.9556,0.7578,0.6067,0.6111,0.6044,0.9317,0.9296,0.0324,0.8306,0.8525,0.8505,0.8475,0.04,0.04,0.0689,0.1044,0.6074,0.8502,,,,,,,,,,,,,,,,,0.0,0.0,0.0,0.0,0.0,0.0
overall,fixing,gpt-4.1-mini-2025-04-14,0.7956,0.7444,0.8778,0.9756,0.9044,0.7022,0.5267,0.5333,0.5467,0.8993,0.8983,0.0497,0.8043,0.7888,0.8044,0.7926,0.0444,0.0578,0.1067,0.1022,0.5356,0.7953,,,,,,,,,,,,,,,,,0.0,0.0,0.0,0.0,0.0,0.0
overall,fixing,gpt-4.1-nano-2025-04-14,0.5956,0.3289,0.6067,0.6111,0.6044,0.22,0.4133,0.4244,0.5289,0.6517,0.5127,0.2283,0.3537,0.5477,0.5525,0.6304,0.1644,0.2067,0.2267,0.1111,0.4555,0.5769,,,,,,,,,,,,,,,,,0.0,0.0,0.0,0.0,0.6098,0.0
overall,fixing,gpt-4o,0.8686,0.7884,0.931,0.9532,0.9488,0.7639,0.5523,0.5635,0.5679,0.6867,0.693,0.0364,0.6099,0.5176,0.5229,0.5307,0.2851,0.294,0.314,0.3007,0.5612,0.5237,,,,,,,,,,,,,,,,,0.0,0.0,0.0,0.0,0.0,0.0
overall,fixing,gpt-5,0.9044,0.8778,0.9533,0.9844,0.7756,0.6556,0.6667,0.6289,0.6289,0.9569,0.9217,0.2244,0.6823,0.8237,0.8035,0.8027,0.3311,0.3378,0.32,0.3711,0.6415,0.81,,,,,,,,,,,,,,,,,0.0,0.0,0.0,0.0,0.0003,0.0
overall,fixing,gpt-5-mini,0.86,0.8022,0.92,0.9533,0.7689,0.5911,0.6733,0.6911,0.6778,0.9054,0.8843,0.229,0.5701,0.7864,0.8066,0.8051,0.4822,0.4444,0.4889,0.4556,0.6807,0.7994,,,,,,,,,,,,,,,,,0.0,0.0,0.0,0.0,0.0,0.0
overall,fixing,gpt-5-nano,0.8378,0.7422,0.8356,0.9756,0.8133,0.5622,0.6067,0.6289,0.5889,0.8945,0.8534,0.1802,0.6152,0.7416,0.7689,0.746,0.3867,0.3356,0.3289,0.4378,0.6082,0.7522,,,,,,,,,,,,,,,,,0.0,0.0,0.0,0.0,0.0,0.0
overall,fixing,gpt-oss:20b,0.6667,0.6867,0.82,0.9067,0.9933,0.6867,0.3133,0.3333,0.3067,0.8429,0.8644,0.0009,0.8644,0.6195,0.6303,0.5971,0.04,0.0333,0.0733,0.0867,0.3178,0.6156,,,,,,,,,,,,,,,,,0.0,0.0,0.0,0.0,0.0,0.0
overall,fixing,grok-3-mini,0.88,0.8422,0.9222,0.9867,0.9622,0.8111,0.4333,0.4067,0.4111,0.9372,0.9464,0.0332,0.7993,0.6645,0.6523,0.6613,0.08,0.0911,0.1311,0.1911,0.417,0.6594,,,,,,,,,,,,,,,,,0.0,0.0,0.0,0.0,0.0,0.0
overall,fixing,llama3.1:70b,0.6156,0.5578,0.7378,0.8244,0.9422,0.5378,0.2289,0.2578,0.2244,0.7507,0.8039,0.0277,0.7704,0.4963,0.5046,0.4868,0.0067,0.0511,0.0911,0.0422,0.237,0.4959,,,,,,,,,,,,,,,,,0.0,0.0,0.0,0.0,0.0,0.0
overall,fixing,llama3.1:8b,0.14,0.0333,0.1778,0.14,0.6156,0.0244,0.0289,0.02,0.0333,0.475,0.3465,0.1101,0.2542,0.189,0.1807,0.2061,0.0,0.0022,0.0044,0.0,0.0274,0.1919,,,,,,,,,,,,,,,,,0.0,0.0,0.0,0.0,1.0,0.0
overall,fixing,mistral-small:24b,0.7333,0.5133,0.7533,0.9022,0.9533,0.4956,0.5378,0.5511,0.5422,0.8367,0.7616,0.0194,0.6835,0.7549,0.7544,0.7613,0.14,0.08,0.1711,0.1533,0.5437,0.7569,,,,,,,,,,,,,,,,,0.0,0.0,0.0,0.0,0.0,0.0
overall,fixing,o3,0.7578,0.8022,0.9178,0.9311,0.9778,0.7844,0.4067,0.3978,0.3933,0.7996,0.8323,0.0192,0.7854,0.5593,0.5498,0.5534,0.16,0.1378,0.1022,0.1556,0.3993,0.5542,,,,,,,,,,,,,,,,,0.0,0.0,0.0,0.0,0.0,0.0
overall,wikidata,deepseek-chat,0.3622,0.2111,0.56,0.5422,0.6111,0.1311,,,,0.5312,0.4593,0.1416,0.2257,,,,0.1133,0.1178,0.2133,0.3022,,,,,,,,,,,,,,,,,,,0.0317,0.0007,0.0,0.0,0.0344,0.0
overall,wikidata,gemini-2.0-flash,0.3422,0.16,0.5044,0.4667,0.6022,0.0911,,,,0.592,0.473,0.1177,0.2998,,,,0.0378,0.06,0.1111,0.1467,,,,,,,,,,,,,,,,,,,0.8896,0.0294,0.0002,0.0,0.9427,0.0001
overall,wikidata,gemini-2.5-flash,0.3333,0.2311,0.58,0.5378,0.8778,0.22,,,,0.4738,0.4439,0.028,0.3487,,,,0.2178,0.2089,0.2156,0.26,,,,,,,,,,,,,,,,,,,0.8835,0.9997,0.0002,0.0003,0.0838,0.9961
overall,wikidata,gemini-2.5-pro,0.3156,0.2667,0.5222,0.4622,0.7956,0.2489,,,,0.6426,0.6071,0.0343,0.5045,,,,0.0156,0.0222,0.0467,0.0444,,,,,,,,,,,,,,,,,,,0.764,0.026,0.0,0.0004,0.7006,0.0044
overall,wikidata,gpt-4.1-2025-04-14,0.4578,0.2111,0.56,0.4667,0.6333,0.1378,,,,0.767,0.6112,0.1075,0.3997,,,,0.0089,0.0089,0.0467,0.0644,,,,,,,,,,,,,,,,,,,0.3669,0.0826,0.1094,0.0299,0.3604,0.0503
overall,wikidata,gpt-4.1-mini-2025-04-14,0.2622,0.08,0.3511,0.2911,0.78,0.04,,,,0.4389,0.3032,0.0619,0.202,,,,0.0511,0.0756,0.04,0.1578,,,,,,,,,,,,,,,,,,,1.0,1.0,1.0,1.0,0.0,0.9991
overall,wikidata,gpt-4.1-nano-2025-04-14,0.3311,0.0733,0.3844,0.5111,0.8111,0.04,,,,0.5702,0.3623,0.0627,0.2838,,,,0.0556,0.0689,0.6022,0.1311,,,,,,,,,,,,,,,,,,,0.1872,1.0,1.0,0.0,0.0,0.5402
overall,wikidata,gpt-4o,0.8711,0.7067,0.76,0.8356,0.2333,0.0133,,,,0.8796,0.7734,0.7553,0.1338,,,,0.8422,0.8422,0.7956,0.8844,,,,,,,,,,,,,,,,,,,0.0,0.0,0.0,0.0,1.0,1.0
overall,wikidata,gpt-5,0.7467,0.5889,0.7578,0.7667,0.6622,0.2822,,,,0.8379,0.7585,0.3072,0.4838,,,,0.4422,0.46,0.3444,0.42,,,,,,,,,,,,,,,,,,,0.0,0.0,0.0,0.0,0.9999,0.0182
overall,wikidata,gpt-5-mini,0.7489,0.6,0.7267,0.7578,0.5311,0.1733,,,,0.8202,0.7417,0.4434,0.3478,,,,0.5644,0.5711,0.4889,0.5956,,,,,,,,,,,,,,,,,,,0.0,0.0,0.0,0.0,1.0,0.1632
overall,wikidata,gpt-5-nano,0.7311,0.5089,0.6933,0.7311,0.6267,0.1844,,,,0.8257,0.6992,0.3486,0.4091,,,,0.5222,0.5044,0.3911,0.52,,,,,,,,,,,,,,,,,,,0.0,0.0001,0.0032,0.0,1.0,0.8903
overall,wikidata,gpt-oss:20b,0.2844,0.2089,0.4711,0.4333,0.8667,0.1778,,,,0.4675,0.4276,0.0565,0.3356,,,,0.1822,0.1956,0.1733,0.2333,,,,,,,,,,,,,,,,,,,0.0029,0.0012,0.0046,0.0,0.0016,0.0
overall,wikidata,grok-3-mini,0.3578,0.2467,0.5644,0.5089,0.8889,0.2333,,,,0.606,0.561,0.036,0.4458,,,,0.06,0.0756,0.0822,0.1289,,,,,,,,,,,,,,,,,,,0.7179,0.9963,0.2747,0.025,0.4479,0.939
overall,wikidata,llama3.1:70b,0.2578,0.0911,0.3422,0.2556,0.64,0.0289,,,,0.5172,0.4085,0.1175,0.2125,,,,0.0067,0.0067,0.0178,0.0222,,,,,,,,,,,,,,,,,,,0.075,0.0641,0.0139,0.631,1.0,0.9698
overall,wikidata,llama3.1:8b,0.0511,0.0089,0.1378,0.0911,0.6844,0.0,,,,0.2843,0.2209,0.09,0.103,,,,0.0022,0.0044,0.0178,0.0133,,,,,,,,,,,,,,,,,,,0.0,0.0176,0.0,0.0,1.0,1.0
overall,wikidata,mistral-small:24b,0.7244,0.4933,0.66,0.6244,0.3444,0.0089,,,,0.7971,0.6457,0.6081,0.1373,,,,0.5778,0.5844,0.6578,0.7689,,,,,,,,,,,,,,,,,,,0.0,0.0,0.0,0.0,1.0,0.9962
overall,wikidata,o3,0.44,0.2867,0.58,0.4533,0.88,0.2422,,,,0.7057,0.6198,0.0445,0.5259,,,,0.1022,0.0978,0.0689,0.0911,,,,,,,,,,,,,,,,,,,0.0,0.025,0.0001,0.0313,0.0171,0.1233
overall,zero-shot,deepseek-chat,0.3311,0.1667,0.4644,0.4267,0.58,0.0867,0.5289,,,0.5577,0.4547,0.1467,0.2506,0.7226,,,0.0511,0.0667,0.1422,0.1956,,,0.3333333333333333,0.25,0.5597011415525114,0.48435,0.4512195121951219,0.472027972027972,0.3870967741935484,0.4369747899159664,0.5825892857142857,0.0,0.1461069196428571,0.28125,0.1557177615571776,0.282051282051282,0.4493160583941606,0.5115666666666667,0.5208,0.5257,0.5188,0.5191,0.5195,0.5358
overall,zero-shot,deepseek-reasoner,0.1911,0.14,0.4067,0.3133,0.8067,0.1156,0.4,,,0.4515,0.4152,0.038,0.3148,0.5863,,,0.0356,0.0489,0.0311,0.06,,,0.2041343669250646,0.074074074074074,0.4733136950904393,0.2976907407407407,0.4121779859484777,0.2857142857142857,0.3075117370892019,0.4,0.8051643192488263,0.8,0.0377356807511737,0.05268,0.1489361702127659,0.0,0.4233524822695035,0.2779444444444444,0.524,0.5269,0.5186,0.5201,0.5232,0.5294
overall,zero-shot,gemini-2.0-flash,0.3622,0.1356,0.44,0.3822,0.6289,0.0556,0.4578,,,0.6274,0.4794,0.1292,0.2962,0.6762,,,0.0067,0.0089,0.0067,0.0067,,,0.3722084367245657,0.2765957446808511,0.6359915632754343,0.5538404255319149,0.4216216216216216,0.525,0.4565217391304347,0.3631284916201117,0.6386946386946387,0.4285714285714285,0.1283494172494172,0.1458761904761905,0.1274238227146814,0.1685393258426966,0.4772587257617728,0.4883359550561797,0.5192,0.5279,0.519,0.52,0.5202,0.5406
overall,zero-shot,gemini-2.5-flash,0.3533,0.2844,0.5133,0.4733,0.86,0.26,0.3644,,,0.6136,0.5562,0.0285,0.4626,0.646,,,0.0667,0.0644,0.0778,0.0978,,,0.3766233766233766,0.2153846153846154,0.6366677922077922,0.476956923076923,0.5138888888888888,0.5,0.4677419354838709,0.625,0.8678815489749431,0.5454545454545454,0.0253917995444191,0.1523636363636363,0.2883720930232558,0.2,0.5649267441860465,0.36903,0.5193,0.5212,0.5187,0.5184,0.5271,0.5217
overall,zero-shot,gemini-2.5-pro,0.3267,0.2356,0.4489,0.4022,0.8022,0.2089,0.3978,,,0.6395,0.5829,0.031,0.4829,0.6568,,,0.0244,0.0289,0.0378,0.0489,,,0.354679802955665,0.0681818181818181,0.6619051724137931,0.4328681818181818,0.4462242562929062,0.5384615384615384,0.4052132701421801,0.3571428571428571,0.8099547511312217,0.375,0.0267364253393665,0.2652125,0.2436781609195402,0.0,0.5865108045977012,0.4778666666666666,0.5199,0.5221,0.5188,0.5184,0.5237,0.523
overall,zero-shot,gpt-4.1-2025-04-14,0.4511,0.1911,0.5378,0.4333,0.6267,0.1178,0.3244,,,0.7225,0.5772,0.1133,0.3782,0.6525,,,0.0067,0.0111,0.0467,0.0689,,,0.4651741293532338,0.2692307692307692,0.7396485074626866,0.4771769230769231,0.5390070921985816,0.6,0.4758620689655172,0.3550724637681159,0.6291079812206573,0.0,0.1136863849765258,0.52085,0.1905882352941176,0.3333333333333333,0.5779541176470588,0.3979333333333333,0.5188,0.5233,0.5181,0.5184,0.5195,0.5279
overall,zero-shot,gpt-4.1-mini-2025-04-14,0.3889,0.1622,0.52,0.4267,0.5244,0.0644,0.36,,,0.6902,0.5505,0.1709,0.3062,0.6112,,,0.0089,0.0111,0.0267,0.0556,,,0.4038929440389294,0.2307692307692307,0.7035939172749391,0.5487897435897435,0.4267515923566879,0.5699658703071673,0.5340909090909091,0.4005524861878453,0.5279642058165548,0.0,0.1669814317673378,0.7544,0.152073732718894,0.4375,0.5467147465437788,0.65220625,0.5195,0.5264,0.5193,0.5191,0.5188,0.5383
overall,zero-shot,gpt-4.1-nano-2025-04-14,0.3156,0.1178,0.5044,0.4089,0.6089,0.04,0.9556,,,0.5739,0.4454,0.1851,0.2367,0.9556,,,0.0378,0.0467,0.1289,0.1067,,,0.3559870550161812,0.226950354609929,0.6168106796116505,0.4798170212765957,0.4756756756756757,0.5245283018867924,0.4010416666666667,0.4147286821705426,0.5993265993265994,0.6274509803921569,0.199190909090909,0.1576470588235294,,0.1177777777777777,,0.4454217777777777,0.5198,0.5285,0.5187,0.5194,0.5192,0.5469
overall,zero-shot,gpt-4o,0.4622,0.2556,0.54,0.4711,0.6689,0.0778,0.6667,,,0.6698,0.5528,0.2263,0.2838,0.3254,,,0.2222,0.2111,0.2333,0.3733,,,0.4633569739952718,0.4444444444444444,0.6782966903073286,0.5370185185185185,0.5592105263157895,0.5302013422818792,0.52,0.465,0.6696428571428571,0.5,0.2250658482142857,0.5,0.2491467576791808,0.267515923566879,0.5740075085324231,0.5132554140127389,0.5184,0.5211,0.5189,0.5189,0.5196,0.5347
overall,zero-shot,gpt-5,0.6222,0.4733,0.6667,0.6867,0.7222,0.2489,0.5822,,,0.7917,0.7084,0.2262,0.5011,0.7731,,,0.36,0.34,0.2622,0.3333,,,0.6343283582089553,0.5208333333333334,0.8002731343283581,0.7195499999999999,0.6666666666666666,0.6666666666666666,0.6884875846501128,0.5714285714285714,0.7419354838709677,0.1875,0.2083232718894009,0.70986875,0.4705882352941176,0.52,0.7101021176470589,0.679628,0.519,0.519,0.5199,0.5211,0.5203,0.5215
overall,zero-shot,gpt-5-mini,0.6533,0.48,0.6333,0.6844,0.6356,0.16,0.5711,,,0.7836,0.6768,0.3327,0.3862,0.7256,,,0.4622,0.4356,0.3733,0.5,,,0.6616915422885572,0.5833333333333334,0.7936723880597014,0.6992604166666667,0.634090909090909,0.6,0.691609977324263,0.3333333333333333,0.6510538641686182,0.3478260869565217,0.3154398126463699,0.6521739130434783,0.4814814814814814,0.4444444444444444,0.6780319444444445,0.6467888888888889,0.5191,0.5184,0.5188,0.5198,0.5195,0.5269
overall,zero-shot,gpt-5-nano,0.5844,0.44,0.6467,0.64,0.7111,0.2,0.0956,,,0.731,0.6466,0.2638,0.4232,0.102,,,0.38,0.3778,0.3044,0.44,,,0.5853658536585366,0.575,0.7327592682926828,0.7133025,0.655440414507772,0.59375,0.6456310679611651,0.5789473684210527,0.7222222222222222,0.6296296296296297,0.2506520202020202,0.3600814814814815,0.4411764705882353,0.4285714285714285,0.6427995098039215,0.6830571428571429,0.5189,0.5184,0.5196,0.5189,0.5207,0.5232
overall,zero-shot,gpt-oss:20b,0.24,0.1667,0.4244,0.3511,0.8267,0.1111,0.2933,,,0.462,0.4208,0.0725,0.3058,0.5147,,,0.1289,0.1267,0.1089,0.1711,,,0.2488038277511961,0.125,0.4716562200956938,0.335359375,0.4292565947242206,0.3636363636363636,0.3432494279176201,0.6153846153846154,0.8329297820823245,0.7567567567567568,0.0655343825665859,0.1497756756756756,0.1721698113207547,0.0769230769230769,0.4282837264150943,0.2991961538461538,0.522,0.5251,0.5183,0.5194,0.5255,0.5304
overall,zero-shot,grok-3-mini,0.3667,0.2867,0.5533,0.4733,0.8867,0.2556,0.4044,,,0.6522,0.6084,0.0469,0.4784,0.6463,,,0.0533,0.0622,0.0689,0.1267,,,0.3832923832923833,0.2093023255813953,0.6681515970515971,0.501446511627907,0.5560747663551402,0.5,0.4689655172413793,0.6,0.8954545454545455,0.5,0.0426686363636363,0.23156,0.2915717539863325,0.0909090909090909,0.6142280182232346,0.3769545454545455,0.5195,0.5211,0.5191,0.5191,0.5304,0.5215
overall,zero-shot,llama3.1:70b,0.2356,0.0756,0.3044,0.26,0.7111,0.04,0.2156,,,0.4978,0.3721,0.098,0.2189,0.5129,,,0.0156,0.02,0.0244,0.06,,,0.2409090909090909,0.0,0.5035111363636363,0.24781,0.3055555555555556,0.3043478260869565,0.2439024390243902,0.2660550458715596,0.7136465324384788,0.3333333333333333,0.0976046979865771,0.15,0.0744920993227991,0.1428571428571428,0.3706408577878103,0.4664428571428572,0.5227,0.5363,0.5205,0.521,0.5205,0.5469
overall,zero-shot,llama3.1:8b,0.02,0.0022,0.0622,0.0444,0.8267,0.0,0.0556,,,0.1878,0.1274,0.035,0.07,0.3236,,,0.0111,0.0111,0.04,0.06,,,,,,,,,,,,,,,,,,,0.566,0.6875,0.539,0.5456,0.5238,1.0
overall,zero-shot,mistral-small:24b,0.4556,0.2378,0.5178,0.4556,0.5111,0.02,0.3644,,,0.6589,0.5203,0.3306,0.2154,0.6111,,,0.2022,0.2156,0.3,0.3778,,,0.4841849148418491,0.1538461538461538,0.6806688564476886,0.4289897435897435,0.0,0.5189309576837416,0.4,0.4561797752808988,0.5111607142857143,0.5,0.3298477678571428,0.5,0.2666666666666666,0.2333333333333333,0.5468983333333334,0.5162241025641026,0.519,0.5217,0.518,0.5191,0.5181,0.566
overall,zero-shot,o3,0.3556,0.2556,0.5156,0.42,0.8533,0.2244,0.3533,,,0.6474,0.5639,0.055,0.4659,0.6311,,,0.0756,0.0889,0.08,0.0844,,,0.3746958637469586,0.1538461538461538,0.6678515815085159,0.4319435897435897,0.5114155251141552,0.6666666666666666,0.4246575342465753,0.25,0.8661971830985915,0.625,0.049025352112676,0.1609541666666666,0.2684085510688836,0.0689655172413793,0.5739361045130641,0.4177724137931035,0.519,0.5217,0.5186,0.5188,0.5269,0.5224
